Time_Index,Methanol_Demand_Tons_MA,Methanol_Demand_Tons_CT,Methanol_Demand_Tons_ME
1,70.3602,36.6151,14.3398
2,70.3602,36.6151,14.3398
3,70.3602,36.6151,14.3398
4,70.3602,36.6151,14.3398
5,70.3602,36.6151,14.3398
6,70.3602,36.6151,14.3398
7,70.3602,36.6151,14.3398
8,70.3602,36.6151,14.3398
9,70.3602,36.6151,14.3398
10,70.3602,36.6151,14.3398
11,70.3602,36.6151,14.3398
12,70.3602,36.6151,14.3398
13,70.3602,36.6151,14.3398
14,70.3602,36.6151,14.3398
15,70.3602,36.6151,14.3398
16,70.3602,36.6151,14.3398
17,70.3602,36.6151,14.3398
18,70.3602,36.6151,14.3398
19,70.3602,36.6151,14.3398
20,70.3602,36.6151,14.3398
21,70.3602,36.6151,14.3398
22,70.3602,36.6151,14.3398
23,70.3602,36.6151,14.3398
24,70.3602,36.6151,14.3398
25,70.3602,36.6151,14.3398
26,70.3602,36.6151,14.3398
27,70.3602,36.6151,14.3398
28,70.3602,36.6151,14.3398
29,70.3602,36.6151,14.3398
30,70.3602,36.6151,14.3398
31,70.3602,36.6151,14.3398
32,70.3602,36.6151,14.3398
33,70.3602,36.6151,14.3398
34,70.3602,36.6151,14.3398
35,70.3602,36.6151,14.3398
36,70.3602,36.6151,14.3398
37,70.3602,36.6151,14.3398
38,70.3602,36.6151,14.3398
39,70.3602,36.6151,14.3398
40,70.3602,36.6151,14.3398
41,70.3602,36.6151,14.3398
42,70.3602,36.6151,14.3398
43,70.3602,36.6151,14.3398
44,70.3602,36.6151,14.3398
45,70.3602,36.6151,14.3398
46,70.3602,36.6151,14.3398
47,70.3602,36.6151,14.3398
48,70.3602,36.6151,14.3398
49,70.3602,36.6151,14.3398
50,70.3602,36.6151,14.3398
51,70.3602,36.6151,14.3398
52,70.3602,36.6151,14.3398
53,70.3602,36.6151,14.3398
54,70.3602,36.6151,14.3398
55,70.3602,36.6151,14.3398
56,70.3602,36.6151,14.3398
57,70.3602,36.6151,14.3398
58,70.3602,36.6151,14.3398
59,70.3602,36.6151,14.3398
60,70.3602,36.6151,14.3398
61,70.3602,36.6151,14.3398
62,70.3602,36.6151,14.3398
63,70.3602,36.6151,14.3398
64,70.3602,36.6151,14.3398
65,70.3602,36.6151,14.3398
66,70.3602,36.6151,14.3398
67,70.3602,36.6151,14.3398
68,70.3602,36.6151,14.3398
69,70.3602,36.6151,14.3398
70,70.3602,36.6151,14.3398
71,70.3602,36.6151,14.3398
72,70.3602,36.6151,14.3398
73,70.3602,36.6151,14.3398
74,70.3602,36.6151,14.3398
75,70.3602,36.6151,14.3398
76,70.3602,36.6151,14.3398
77,70.3602,36.6151,14.3398
78,70.3602,36.6151,14.3398
79,70.3602,36.6151,14.3398
80,70.3602,36.6151,14.3398
81,70.3602,36.6151,14.3398
82,70.3602,36.6151,14.3398
83,70.3602,36.6151,14.3398
84,70.3602,36.6151,14.3398
85,70.3602,36.6151,14.3398
86,70.3602,36.6151,14.3398
87,70.3602,36.6151,14.3398
88,70.3602,36.6151,14.3398
89,70.3602,36.6151,14.3398
90,70.3602,36.6151,14.3398
91,70.3602,36.6151,14.3398
92,70.3602,36.6151,14.3398
93,70.3602,36.6151,14.3398
94,70.3602,36.6151,14.3398
95,70.3602,36.6151,14.3398
96,70.3602,36.6151,14.3398
97,70.3602,36.6151,14.3398
98,70.3602,36.6151,14.3398
99,70.3602,36.6151,14.3398
100,70.3602,36.6151,14.3398
101,70.3602,36.6151,14.3398
102,70.3602,36.6151,14.3398
103,70.3602,36.6151,14.3398
104,70.3602,36.6151,14.3398
105,70.3602,36.6151,14.3398
106,70.3602,36.6151,14.3398
107,70.3602,36.6151,14.3398
108,70.3602,36.6151,14.3398
109,70.3602,36.6151,14.3398
110,70.3602,36.6151,14.3398
111,70.3602,36.6151,14.3398
112,70.3602,36.6151,14.3398
113,70.3602,36.6151,14.3398
114,70.3602,36.6151,14.3398
115,70.3602,36.6151,14.3398
116,70.3602,36.6151,14.3398
117,70.3602,36.6151,14.3398
118,70.3602,36.6151,14.3398
119,70.3602,36.6151,14.3398
120,70.3602,36.6151,14.3398
121,70.3602,36.6151,14.3398
122,70.3602,36.6151,14.3398
123,70.3602,36.6151,14.3398
124,70.3602,36.6151,14.3398
125,70.3602,36.6151,14.3398
126,70.3602,36.6151,14.3398
127,70.3602,36.6151,14.3398
128,70.3602,36.6151,14.3398
129,70.3602,36.6151,14.3398
130,70.3602,36.6151,14.3398
131,70.3602,36.6151,14.3398
132,70.3602,36.6151,14.3398
133,70.3602,36.6151,14.3398
134,70.3602,36.6151,14.3398
135,70.3602,36.6151,14.3398
136,70.3602,36.6151,14.3398
137,70.3602,36.6151,14.3398
138,70.3602,36.6151,14.3398
139,70.3602,36.6151,14.3398
140,70.3602,36.6151,14.3398
141,70.3602,36.6151,14.3398
142,70.3602,36.6151,14.3398
143,70.3602,36.6151,14.3398
144,70.3602,36.6151,14.3398
145,70.3602,36.6151,14.3398
146,70.3602,36.6151,14.3398
147,70.3602,36.6151,14.3398
148,70.3602,36.6151,14.3398
149,70.3602,36.6151,14.3398
150,70.3602,36.6151,14.3398
151,70.3602,36.6151,14.3398
152,70.3602,36.6151,14.3398
153,70.3602,36.6151,14.3398
154,70.3602,36.6151,14.3398
155,70.3602,36.6151,14.3398
156,70.3602,36.6151,14.3398
157,70.3602,36.6151,14.3398
158,70.3602,36.6151,14.3398
159,70.3602,36.6151,14.3398
160,70.3602,36.6151,14.3398
161,70.3602,36.6151,14.3398
162,70.3602,36.6151,14.3398
163,70.3602,36.6151,14.3398
164,70.3602,36.6151,14.3398
165,70.3602,36.6151,14.3398
166,70.3602,36.6151,14.3398
167,70.3602,36.6151,14.3398
168,70.3602,36.6151,14.3398
169,70.3602,36.6151,14.3398
170,70.3602,36.6151,14.3398
171,70.3602,36.6151,14.3398
172,70.3602,36.6151,14.3398
173,70.3602,36.6151,14.3398
174,70.3602,36.6151,14.3398
175,70.3602,36.6151,14.3398
176,70.3602,36.6151,14.3398
177,70.3602,36.6151,14.3398
178,70.3602,36.6151,14.3398
179,70.3602,36.6151,14.3398
180,70.3602,36.6151,14.3398
181,70.3602,36.6151,14.3398
182,70.3602,36.6151,14.3398
183,70.3602,36.6151,14.3398
184,70.3602,36.6151,14.3398
185,70.3602,36.6151,14.3398
186,70.3602,36.6151,14.3398
187,70.3602,36.6151,14.3398
188,70.3602,36.6151,14.3398
189,70.3602,36.6151,14.3398
190,70.3602,36.6151,14.3398
191,70.3602,36.6151,14.3398
192,70.3602,36.6151,14.3398
193,70.3602,36.6151,14.3398
194,70.3602,36.6151,14.3398
195,70.3602,36.6151,14.3398
196,70.3602,36.6151,14.3398
197,70.3602,36.6151,14.3398
198,70.3602,36.6151,14.3398
199,70.3602,36.6151,14.3398
200,70.3602,36.6151,14.3398
201,70.3602,36.6151,14.3398
202,70.3602,36.6151,14.3398
203,70.3602,36.6151,14.3398
204,70.3602,36.6151,14.3398
205,70.3602,36.6151,14.3398
206,70.3602,36.6151,14.3398
207,70.3602,36.6151,14.3398
208,70.3602,36.6151,14.3398
209,70.3602,36.6151,14.3398
210,70.3602,36.6151,14.3398
211,70.3602,36.6151,14.3398
212,70.3602,36.6151,14.3398
213,70.3602,36.6151,14.3398
214,70.3602,36.6151,14.3398
215,70.3602,36.6151,14.3398
216,70.3602,36.6151,14.3398
217,70.3602,36.6151,14.3398
218,70.3602,36.6151,14.3398
219,70.3602,36.6151,14.3398
220,70.3602,36.6151,14.3398
221,70.3602,36.6151,14.3398
222,70.3602,36.6151,14.3398
223,70.3602,36.6151,14.3398
224,70.3602,36.6151,14.3398
225,70.3602,36.6151,14.3398
226,70.3602,36.6151,14.3398
227,70.3602,36.6151,14.3398
228,70.3602,36.6151,14.3398
229,70.3602,36.6151,14.3398
230,70.3602,36.6151,14.3398
231,70.3602,36.6151,14.3398
232,70.3602,36.6151,14.3398
233,70.3602,36.6151,14.3398
234,70.3602,36.6151,14.3398
235,70.3602,36.6151,14.3398
236,70.3602,36.6151,14.3398
237,70.3602,36.6151,14.3398
238,70.3602,36.6151,14.3398
239,70.3602,36.6151,14.3398
240,70.3602,36.6151,14.3398
241,70.3602,36.6151,14.3398
242,70.3602,36.6151,14.3398
243,70.3602,36.6151,14.3398
244,70.3602,36.6151,14.3398
245,70.3602,36.6151,14.3398
246,70.3602,36.6151,14.3398
247,70.3602,36.6151,14.3398
248,70.3602,36.6151,14.3398
249,70.3602,36.6151,14.3398
250,70.3602,36.6151,14.3398
251,70.3602,36.6151,14.3398
252,70.3602,36.6151,14.3398
253,70.3602,36.6151,14.3398
254,70.3602,36.6151,14.3398
255,70.3602,36.6151,14.3398
256,70.3602,36.6151,14.3398
257,70.3602,36.6151,14.3398
258,70.3602,36.6151,14.3398
259,70.3602,36.6151,14.3398
260,70.3602,36.6151,14.3398
261,70.3602,36.6151,14.3398
262,70.3602,36.6151,14.3398
263,70.3602,36.6151,14.3398
264,70.3602,36.6151,14.3398
265,70.3602,36.6151,14.3398
266,70.3602,36.6151,14.3398
267,70.3602,36.6151,14.3398
268,70.3602,36.6151,14.3398
269,70.3602,36.6151,14.3398
270,70.3602,36.6151,14.3398
271,70.3602,36.6151,14.3398
272,70.3602,36.6151,14.3398
273,70.3602,36.6151,14.3398
274,70.3602,36.6151,14.3398
275,70.3602,36.6151,14.3398
276,70.3602,36.6151,14.3398
277,70.3602,36.6151,14.3398
278,70.3602,36.6151,14.3398
279,70.3602,36.6151,14.3398
280,70.3602,36.6151,14.3398
281,70.3602,36.6151,14.3398
282,70.3602,36.6151,14.3398
283,70.3602,36.6151,14.3398
284,70.3602,36.6151,14.3398
285,70.3602,36.6151,14.3398
286,70.3602,36.6151,14.3398
287,70.3602,36.6151,14.3398
288,70.3602,36.6151,14.3398
289,70.3602,36.6151,14.3398
290,70.3602,36.6151,14.3398
291,70.3602,36.6151,14.3398
292,70.3602,36.6151,14.3398
293,70.3602,36.6151,14.3398
294,70.3602,36.6151,14.3398
295,70.3602,36.6151,14.3398
296,70.3602,36.6151,14.3398
297,70.3602,36.6151,14.3398
298,70.3602,36.6151,14.3398
299,70.3602,36.6151,14.3398
300,70.3602,36.6151,14.3398
301,70.3602,36.6151,14.3398
302,70.3602,36.6151,14.3398
303,70.3602,36.6151,14.3398
304,70.3602,36.6151,14.3398
305,70.3602,36.6151,14.3398
306,70.3602,36.6151,14.3398
307,70.3602,36.6151,14.3398
308,70.3602,36.6151,14.3398
309,70.3602,36.6151,14.3398
310,70.3602,36.6151,14.3398
311,70.3602,36.6151,14.3398
312,70.3602,36.6151,14.3398
313,70.3602,36.6151,14.3398
314,70.3602,36.6151,14.3398
315,70.3602,36.6151,14.3398
316,70.3602,36.6151,14.3398
317,70.3602,36.6151,14.3398
318,70.3602,36.6151,14.3398
319,70.3602,36.6151,14.3398
320,70.3602,36.6151,14.3398
321,70.3602,36.6151,14.3398
322,70.3602,36.6151,14.3398
323,70.3602,36.6151,14.3398
324,70.3602,36.6151,14.3398
325,70.3602,36.6151,14.3398
326,70.3602,36.6151,14.3398
327,70.3602,36.6151,14.3398
328,70.3602,36.6151,14.3398
329,70.3602,36.6151,14.3398
330,70.3602,36.6151,14.3398
331,70.3602,36.6151,14.3398
332,70.3602,36.6151,14.3398
333,70.3602,36.6151,14.3398
334,70.3602,36.6151,14.3398
335,70.3602,36.6151,14.3398
336,70.3602,36.6151,14.3398
337,70.3602,36.6151,14.3398
338,70.3602,36.6151,14.3398
339,70.3602,36.6151,14.3398
340,70.3602,36.6151,14.3398
341,70.3602,36.6151,14.3398
342,70.3602,36.6151,14.3398
343,70.3602,36.6151,14.3398
344,70.3602,36.6151,14.3398
345,70.3602,36.6151,14.3398
346,70.3602,36.6151,14.3398
347,70.3602,36.6151,14.3398
348,70.3602,36.6151,14.3398
349,70.3602,36.6151,14.3398
350,70.3602,36.6151,14.3398
351,70.3602,36.6151,14.3398
352,70.3602,36.6151,14.3398
353,70.3602,36.6151,14.3398
354,70.3602,36.6151,14.3398
355,70.3602,36.6151,14.3398
356,70.3602,36.6151,14.3398
357,70.3602,36.6151,14.3398
358,70.3602,36.6151,14.3398
359,70.3602,36.6151,14.3398
360,70.3602,36.6151,14.3398
361,70.3602,36.6151,14.3398
362,70.3602,36.6151,14.3398
363,70.3602,36.6151,14.3398
364,70.3602,36.6151,14.3398
365,70.3602,36.6151,14.3398
366,70.3602,36.6151,14.3398
367,70.3602,36.6151,14.3398
368,70.3602,36.6151,14.3398
369,70.3602,36.6151,14.3398
370,70.3602,36.6151,14.3398
371,70.3602,36.6151,14.3398
372,70.3602,36.6151,14.3398
373,70.3602,36.6151,14.3398
374,70.3602,36.6151,14.3398
375,70.3602,36.6151,14.3398
376,70.3602,36.6151,14.3398
377,70.3602,36.6151,14.3398
378,70.3602,36.6151,14.3398
379,70.3602,36.6151,14.3398
380,70.3602,36.6151,14.3398
381,70.3602,36.6151,14.3398
382,70.3602,36.6151,14.3398
383,70.3602,36.6151,14.3398
384,70.3602,36.6151,14.3398
385,70.3602,36.6151,14.3398
386,70.3602,36.6151,14.3398
387,70.3602,36.6151,14.3398
388,70.3602,36.6151,14.3398
389,70.3602,36.6151,14.3398
390,70.3602,36.6151,14.3398
391,70.3602,36.6151,14.3398
392,70.3602,36.6151,14.3398
393,70.3602,36.6151,14.3398
394,70.3602,36.6151,14.3398
395,70.3602,36.6151,14.3398
396,70.3602,36.6151,14.3398
397,70.3602,36.6151,14.3398
398,70.3602,36.6151,14.3398
399,70.3602,36.6151,14.3398
400,70.3602,36.6151,14.3398
401,70.3602,36.6151,14.3398
402,70.3602,36.6151,14.3398
403,70.3602,36.6151,14.3398
404,70.3602,36.6151,14.3398
405,70.3602,36.6151,14.3398
406,70.3602,36.6151,14.3398
407,70.3602,36.6151,14.3398
408,70.3602,36.6151,14.3398
409,70.3602,36.6151,14.3398
410,70.3602,36.6151,14.3398
411,70.3602,36.6151,14.3398
412,70.3602,36.6151,14.3398
413,70.3602,36.6151,14.3398
414,70.3602,36.6151,14.3398
415,70.3602,36.6151,14.3398
416,70.3602,36.6151,14.3398
417,70.3602,36.6151,14.3398
418,70.3602,36.6151,14.3398
419,70.3602,36.6151,14.3398
420,70.3602,36.6151,14.3398
421,70.3602,36.6151,14.3398
422,70.3602,36.6151,14.3398
423,70.3602,36.6151,14.3398
424,70.3602,36.6151,14.3398
425,70.3602,36.6151,14.3398
426,70.3602,36.6151,14.3398
427,70.3602,36.6151,14.3398
428,70.3602,36.6151,14.3398
429,70.3602,36.6151,14.3398
430,70.3602,36.6151,14.3398
431,70.3602,36.6151,14.3398
432,70.3602,36.6151,14.3398
433,70.3602,36.6151,14.3398
434,70.3602,36.6151,14.3398
435,70.3602,36.6151,14.3398
436,70.3602,36.6151,14.3398
437,70.3602,36.6151,14.3398
438,70.3602,36.6151,14.3398
439,70.3602,36.6151,14.3398
440,70.3602,36.6151,14.3398
441,70.3602,36.6151,14.3398
442,70.3602,36.6151,14.3398
443,70.3602,36.6151,14.3398
444,70.3602,36.6151,14.3398
445,70.3602,36.6151,14.3398
446,70.3602,36.6151,14.3398
447,70.3602,36.6151,14.3398
448,70.3602,36.6151,14.3398
449,70.3602,36.6151,14.3398
450,70.3602,36.6151,14.3398
451,70.3602,36.6151,14.3398
452,70.3602,36.6151,14.3398
453,70.3602,36.6151,14.3398
454,70.3602,36.6151,14.3398
455,70.3602,36.6151,14.3398
456,70.3602,36.6151,14.3398
457,70.3602,36.6151,14.3398
458,70.3602,36.6151,14.3398
459,70.3602,36.6151,14.3398
460,70.3602,36.6151,14.3398
461,70.3602,36.6151,14.3398
462,70.3602,36.6151,14.3398
463,70.3602,36.6151,14.3398
464,70.3602,36.6151,14.3398
465,70.3602,36.6151,14.3398
466,70.3602,36.6151,14.3398
467,70.3602,36.6151,14.3398
468,70.3602,36.6151,14.3398
469,70.3602,36.6151,14.3398
470,70.3602,36.6151,14.3398
471,70.3602,36.6151,14.3398
472,70.3602,36.6151,14.3398
473,70.3602,36.6151,14.3398
474,70.3602,36.6151,14.3398
475,70.3602,36.6151,14.3398
476,70.3602,36.6151,14.3398
477,70.3602,36.6151,14.3398
478,70.3602,36.6151,14.3398
479,70.3602,36.6151,14.3398
480,70.3602,36.6151,14.3398
481,70.3602,36.6151,14.3398
482,70.3602,36.6151,14.3398
483,70.3602,36.6151,14.3398
484,70.3602,36.6151,14.3398
485,70.3602,36.6151,14.3398
486,70.3602,36.6151,14.3398
487,70.3602,36.6151,14.3398
488,70.3602,36.6151,14.3398
489,70.3602,36.6151,14.3398
490,70.3602,36.6151,14.3398
491,70.3602,36.6151,14.3398
492,70.3602,36.6151,14.3398
493,70.3602,36.6151,14.3398
494,70.3602,36.6151,14.3398
495,70.3602,36.6151,14.3398
496,70.3602,36.6151,14.3398
497,70.3602,36.6151,14.3398
498,70.3602,36.6151,14.3398
499,70.3602,36.6151,14.3398
500,70.3602,36.6151,14.3398
501,70.3602,36.6151,14.3398
502,70.3602,36.6151,14.3398
503,70.3602,36.6151,14.3398
504,70.3602,36.6151,14.3398
505,70.3602,36.6151,14.3398
506,70.3602,36.6151,14.3398
507,70.3602,36.6151,14.3398
508,70.3602,36.6151,14.3398
509,70.3602,36.6151,14.3398
510,70.3602,36.6151,14.3398
511,70.3602,36.6151,14.3398
512,70.3602,36.6151,14.3398
513,70.3602,36.6151,14.3398
514,70.3602,36.6151,14.3398
515,70.3602,36.6151,14.3398
516,70.3602,36.6151,14.3398
517,70.3602,36.6151,14.3398
518,70.3602,36.6151,14.3398
519,70.3602,36.6151,14.3398
520,70.3602,36.6151,14.3398
521,70.3602,36.6151,14.3398
522,70.3602,36.6151,14.3398
523,70.3602,36.6151,14.3398
524,70.3602,36.6151,14.3398
525,70.3602,36.6151,14.3398
526,70.3602,36.6151,14.3398
527,70.3602,36.6151,14.3398
528,70.3602,36.6151,14.3398
529,70.3602,36.6151,14.3398
530,70.3602,36.6151,14.3398
531,70.3602,36.6151,14.3398
532,70.3602,36.6151,14.3398
533,70.3602,36.6151,14.3398
534,70.3602,36.6151,14.3398
535,70.3602,36.6151,14.3398
536,70.3602,36.6151,14.3398
537,70.3602,36.6151,14.3398
538,70.3602,36.6151,14.3398
539,70.3602,36.6151,14.3398
540,70.3602,36.6151,14.3398
541,70.3602,36.6151,14.3398
542,70.3602,36.6151,14.3398
543,70.3602,36.6151,14.3398
544,70.3602,36.6151,14.3398
545,70.3602,36.6151,14.3398
546,70.3602,36.6151,14.3398
547,70.3602,36.6151,14.3398
548,70.3602,36.6151,14.3398
549,70.3602,36.6151,14.3398
550,70.3602,36.6151,14.3398
551,70.3602,36.6151,14.3398
552,70.3602,36.6151,14.3398
553,70.3602,36.6151,14.3398
554,70.3602,36.6151,14.3398
555,70.3602,36.6151,14.3398
556,70.3602,36.6151,14.3398
557,70.3602,36.6151,14.3398
558,70.3602,36.6151,14.3398
559,70.3602,36.6151,14.3398
560,70.3602,36.6151,14.3398
561,70.3602,36.6151,14.3398
562,70.3602,36.6151,14.3398
563,70.3602,36.6151,14.3398
564,70.3602,36.6151,14.3398
565,70.3602,36.6151,14.3398
566,70.3602,36.6151,14.3398
567,70.3602,36.6151,14.3398
568,70.3602,36.6151,14.3398
569,70.3602,36.6151,14.3398
570,70.3602,36.6151,14.3398
571,70.3602,36.6151,14.3398
572,70.3602,36.6151,14.3398
573,70.3602,36.6151,14.3398
574,70.3602,36.6151,14.3398
575,70.3602,36.6151,14.3398
576,70.3602,36.6151,14.3398
577,70.3602,36.6151,14.3398
578,70.3602,36.6151,14.3398
579,70.3602,36.6151,14.3398
580,70.3602,36.6151,14.3398
581,70.3602,36.6151,14.3398
582,70.3602,36.6151,14.3398
583,70.3602,36.6151,14.3398
584,70.3602,36.6151,14.3398
585,70.3602,36.6151,14.3398
586,70.3602,36.6151,14.3398
587,70.3602,36.6151,14.3398
588,70.3602,36.6151,14.3398
589,70.3602,36.6151,14.3398
590,70.3602,36.6151,14.3398
591,70.3602,36.6151,14.3398
592,70.3602,36.6151,14.3398
593,70.3602,36.6151,14.3398
594,70.3602,36.6151,14.3398
595,70.3602,36.6151,14.3398
596,70.3602,36.6151,14.3398
597,70.3602,36.6151,14.3398
598,70.3602,36.6151,14.3398
599,70.3602,36.6151,14.3398
600,70.3602,36.6151,14.3398
601,70.3602,36.6151,14.3398
602,70.3602,36.6151,14.3398
603,70.3602,36.6151,14.3398
604,70.3602,36.6151,14.3398
605,70.3602,36.6151,14.3398
606,70.3602,36.6151,14.3398
607,70.3602,36.6151,14.3398
608,70.3602,36.6151,14.3398
609,70.3602,36.6151,14.3398
610,70.3602,36.6151,14.3398
611,70.3602,36.6151,14.3398
612,70.3602,36.6151,14.3398
613,70.3602,36.6151,14.3398
614,70.3602,36.6151,14.3398
615,70.3602,36.6151,14.3398
616,70.3602,36.6151,14.3398
617,70.3602,36.6151,14.3398
618,70.3602,36.6151,14.3398
619,70.3602,36.6151,14.3398
620,70.3602,36.6151,14.3398
621,70.3602,36.6151,14.3398
622,70.3602,36.6151,14.3398
623,70.3602,36.6151,14.3398
624,70.3602,36.6151,14.3398
625,70.3602,36.6151,14.3398
626,70.3602,36.6151,14.3398
627,70.3602,36.6151,14.3398
628,70.3602,36.6151,14.3398
629,70.3602,36.6151,14.3398
630,70.3602,36.6151,14.3398
631,70.3602,36.6151,14.3398
632,70.3602,36.6151,14.3398
633,70.3602,36.6151,14.3398
634,70.3602,36.6151,14.3398
635,70.3602,36.6151,14.3398
636,70.3602,36.6151,14.3398
637,70.3602,36.6151,14.3398
638,70.3602,36.6151,14.3398
639,70.3602,36.6151,14.3398
640,70.3602,36.6151,14.3398
641,70.3602,36.6151,14.3398
642,70.3602,36.6151,14.3398
643,70.3602,36.6151,14.3398
644,70.3602,36.6151,14.3398
645,70.3602,36.6151,14.3398
646,70.3602,36.6151,14.3398
647,70.3602,36.6151,14.3398
648,70.3602,36.6151,14.3398
649,70.3602,36.6151,14.3398
650,70.3602,36.6151,14.3398
651,70.3602,36.6151,14.3398
652,70.3602,36.6151,14.3398
653,70.3602,36.6151,14.3398
654,70.3602,36.6151,14.3398
655,70.3602,36.6151,14.3398
656,70.3602,36.6151,14.3398
657,70.3602,36.6151,14.3398
658,70.3602,36.6151,14.3398
659,70.3602,36.6151,14.3398
660,70.3602,36.6151,14.3398
661,70.3602,36.6151,14.3398
662,70.3602,36.6151,14.3398
663,70.3602,36.6151,14.3398
664,70.3602,36.6151,14.3398
665,70.3602,36.6151,14.3398
666,70.3602,36.6151,14.3398
667,70.3602,36.6151,14.3398
668,70.3602,36.6151,14.3398
669,70.3602,36.6151,14.3398
670,70.3602,36.6151,14.3398
671,70.3602,36.6151,14.3398
672,70.3602,36.6151,14.3398
673,70.3602,36.6151,14.3398
674,70.3602,36.6151,14.3398
675,70.3602,36.6151,14.3398
676,70.3602,36.6151,14.3398
677,70.3602,36.6151,14.3398
678,70.3602,36.6151,14.3398
679,70.3602,36.6151,14.3398
680,70.3602,36.6151,14.3398
681,70.3602,36.6151,14.3398
682,70.3602,36.6151,14.3398
683,70.3602,36.6151,14.3398
684,70.3602,36.6151,14.3398
685,70.3602,36.6151,14.3398
686,70.3602,36.6151,14.3398
687,70.3602,36.6151,14.3398
688,70.3602,36.6151,14.3398
689,70.3602,36.6151,14.3398
690,70.3602,36.6151,14.3398
691,70.3602,36.6151,14.3398
692,70.3602,36.6151,14.3398
693,70.3602,36.6151,14.3398
694,70.3602,36.6151,14.3398
695,70.3602,36.6151,14.3398
696,70.3602,36.6151,14.3398
697,70.3602,36.6151,14.3398
698,70.3602,36.6151,14.3398
699,70.3602,36.6151,14.3398
700,70.3602,36.6151,14.3398
701,70.3602,36.6151,14.3398
702,70.3602,36.6151,14.3398
703,70.3602,36.6151,14.3398
704,70.3602,36.6151,14.3398
705,70.3602,36.6151,14.3398
706,70.3602,36.6151,14.3398
707,70.3602,36.6151,14.3398
708,70.3602,36.6151,14.3398
709,70.3602,36.6151,14.3398
710,70.3602,36.6151,14.3398
711,70.3602,36.6151,14.3398
712,70.3602,36.6151,14.3398
713,70.3602,36.6151,14.3398
714,70.3602,36.6151,14.3398
715,70.3602,36.6151,14.3398
716,70.3602,36.6151,14.3398
717,70.3602,36.6151,14.3398
718,70.3602,36.6151,14.3398
719,70.3602,36.6151,14.3398
720,70.3602,36.6151,14.3398
721,70.3602,36.6151,14.3398
722,70.3602,36.6151,14.3398
723,70.3602,36.6151,14.3398
724,70.3602,36.6151,14.3398
725,70.3602,36.6151,14.3398
726,70.3602,36.6151,14.3398
727,70.3602,36.6151,14.3398
728,70.3602,36.6151,14.3398
729,70.3602,36.6151,14.3398
730,70.3602,36.6151,14.3398
731,70.3602,36.6151,14.3398
732,70.3602,36.6151,14.3398
733,70.3602,36.6151,14.3398
734,70.3602,36.6151,14.3398
735,70.3602,36.6151,14.3398
736,70.3602,36.6151,14.3398
737,70.3602,36.6151,14.3398
738,70.3602,36.6151,14.3398
739,70.3602,36.6151,14.3398
740,70.3602,36.6151,14.3398
741,70.3602,36.6151,14.3398
742,70.3602,36.6151,14.3398
743,70.3602,36.6151,14.3398
744,70.3602,36.6151,14.3398
745,55.3833,25.5464,12.106
746,55.3833,25.5464,12.106
747,55.3833,25.5464,12.106
748,55.3833,25.5464,12.106
749,55.3833,25.5464,12.106
750,55.3833,25.5464,12.106
751,55.3833,25.5464,12.106
752,55.3833,25.5464,12.106
753,55.3833,25.5464,12.106
754,55.3833,25.5464,12.106
755,55.3833,25.5464,12.106
756,55.3833,25.5464,12.106
757,55.3833,25.5464,12.106
758,55.3833,25.5464,12.106
759,55.3833,25.5464,12.106
760,55.3833,25.5464,12.106
761,55.3833,25.5464,12.106
762,55.3833,25.5464,12.106
763,55.3833,25.5464,12.106
764,55.3833,25.5464,12.106
765,55.3833,25.5464,12.106
766,55.3833,25.5464,12.106
767,55.3833,25.5464,12.106
768,55.3833,25.5464,12.106
769,55.3833,25.5464,12.106
770,55.3833,25.5464,12.106
771,55.3833,25.5464,12.106
772,55.3833,25.5464,12.106
773,55.3833,25.5464,12.106
774,55.3833,25.5464,12.106
775,55.3833,25.5464,12.106
776,55.3833,25.5464,12.106
777,55.3833,25.5464,12.106
778,55.3833,25.5464,12.106
779,55.3833,25.5464,12.106
780,55.3833,25.5464,12.106
781,55.3833,25.5464,12.106
782,55.3833,25.5464,12.106
783,55.3833,25.5464,12.106
784,55.3833,25.5464,12.106
785,55.3833,25.5464,12.106
786,55.3833,25.5464,12.106
787,55.3833,25.5464,12.106
788,55.3833,25.5464,12.106
789,55.3833,25.5464,12.106
790,55.3833,25.5464,12.106
791,55.3833,25.5464,12.106
792,55.3833,25.5464,12.106
793,55.3833,25.5464,12.106
794,55.3833,25.5464,12.106
795,55.3833,25.5464,12.106
796,55.3833,25.5464,12.106
797,55.3833,25.5464,12.106
798,55.3833,25.5464,12.106
799,55.3833,25.5464,12.106
800,55.3833,25.5464,12.106
801,55.3833,25.5464,12.106
802,55.3833,25.5464,12.106
803,55.3833,25.5464,12.106
804,55.3833,25.5464,12.106
805,55.3833,25.5464,12.106
806,55.3833,25.5464,12.106
807,55.3833,25.5464,12.106
808,55.3833,25.5464,12.106
809,55.3833,25.5464,12.106
810,55.3833,25.5464,12.106
811,55.3833,25.5464,12.106
812,55.3833,25.5464,12.106
813,55.3833,25.5464,12.106
814,55.3833,25.5464,12.106
815,55.3833,25.5464,12.106
816,55.3833,25.5464,12.106
817,55.3833,25.5464,12.106
818,55.3833,25.5464,12.106
819,55.3833,25.5464,12.106
820,55.3833,25.5464,12.106
821,55.3833,25.5464,12.106
822,55.3833,25.5464,12.106
823,55.3833,25.5464,12.106
824,55.3833,25.5464,12.106
825,55.3833,25.5464,12.106
826,55.3833,25.5464,12.106
827,55.3833,25.5464,12.106
828,55.3833,25.5464,12.106
829,55.3833,25.5464,12.106
830,55.3833,25.5464,12.106
831,55.3833,25.5464,12.106
832,55.3833,25.5464,12.106
833,55.3833,25.5464,12.106
834,55.3833,25.5464,12.106
835,55.3833,25.5464,12.106
836,55.3833,25.5464,12.106
837,55.3833,25.5464,12.106
838,55.3833,25.5464,12.106
839,55.3833,25.5464,12.106
840,55.3833,25.5464,12.106
841,55.3833,25.5464,12.106
842,55.3833,25.5464,12.106
843,55.3833,25.5464,12.106
844,55.3833,25.5464,12.106
845,55.3833,25.5464,12.106
846,55.3833,25.5464,12.106
847,55.3833,25.5464,12.106
848,55.3833,25.5464,12.106
849,55.3833,25.5464,12.106
850,55.3833,25.5464,12.106
851,55.3833,25.5464,12.106
852,55.3833,25.5464,12.106
853,55.3833,25.5464,12.106
854,55.3833,25.5464,12.106
855,55.3833,25.5464,12.106
856,55.3833,25.5464,12.106
857,55.3833,25.5464,12.106
858,55.3833,25.5464,12.106
859,55.3833,25.5464,12.106
860,55.3833,25.5464,12.106
861,55.3833,25.5464,12.106
862,55.3833,25.5464,12.106
863,55.3833,25.5464,12.106
864,55.3833,25.5464,12.106
865,55.3833,25.5464,12.106
866,55.3833,25.5464,12.106
867,55.3833,25.5464,12.106
868,55.3833,25.5464,12.106
869,55.3833,25.5464,12.106
870,55.3833,25.5464,12.106
871,55.3833,25.5464,12.106
872,55.3833,25.5464,12.106
873,55.3833,25.5464,12.106
874,55.3833,25.5464,12.106
875,55.3833,25.5464,12.106
876,55.3833,25.5464,12.106
877,55.3833,25.5464,12.106
878,55.3833,25.5464,12.106
879,55.3833,25.5464,12.106
880,55.3833,25.5464,12.106
881,55.3833,25.5464,12.106
882,55.3833,25.5464,12.106
883,55.3833,25.5464,12.106
884,55.3833,25.5464,12.106
885,55.3833,25.5464,12.106
886,55.3833,25.5464,12.106
887,55.3833,25.5464,12.106
888,55.3833,25.5464,12.106
889,55.3833,25.5464,12.106
890,55.3833,25.5464,12.106
891,55.3833,25.5464,12.106
892,55.3833,25.5464,12.106
893,55.3833,25.5464,12.106
894,55.3833,25.5464,12.106
895,55.3833,25.5464,12.106
896,55.3833,25.5464,12.106
897,55.3833,25.5464,12.106
898,55.3833,25.5464,12.106
899,55.3833,25.5464,12.106
900,55.3833,25.5464,12.106
901,55.3833,25.5464,12.106
902,55.3833,25.5464,12.106
903,55.3833,25.5464,12.106
904,55.3833,25.5464,12.106
905,55.3833,25.5464,12.106
906,55.3833,25.5464,12.106
907,55.3833,25.5464,12.106
908,55.3833,25.5464,12.106
909,55.3833,25.5464,12.106
910,55.3833,25.5464,12.106
911,55.3833,25.5464,12.106
912,55.3833,25.5464,12.106
913,55.3833,25.5464,12.106
914,55.3833,25.5464,12.106
915,55.3833,25.5464,12.106
916,55.3833,25.5464,12.106
917,55.3833,25.5464,12.106
918,55.3833,25.5464,12.106
919,55.3833,25.5464,12.106
920,55.3833,25.5464,12.106
921,55.3833,25.5464,12.106
922,55.3833,25.5464,12.106
923,55.3833,25.5464,12.106
924,55.3833,25.5464,12.106
925,55.3833,25.5464,12.106
926,55.3833,25.5464,12.106
927,55.3833,25.5464,12.106
928,55.3833,25.5464,12.106
929,55.3833,25.5464,12.106
930,55.3833,25.5464,12.106
931,55.3833,25.5464,12.106
932,55.3833,25.5464,12.106
933,55.3833,25.5464,12.106
934,55.3833,25.5464,12.106
935,55.3833,25.5464,12.106
936,55.3833,25.5464,12.106
937,55.3833,25.5464,12.106
938,55.3833,25.5464,12.106
939,55.3833,25.5464,12.106
940,55.3833,25.5464,12.106
941,55.3833,25.5464,12.106
942,55.3833,25.5464,12.106
943,55.3833,25.5464,12.106
944,55.3833,25.5464,12.106
945,55.3833,25.5464,12.106
946,55.3833,25.5464,12.106
947,55.3833,25.5464,12.106
948,55.3833,25.5464,12.106
949,55.3833,25.5464,12.106
950,55.3833,25.5464,12.106
951,55.3833,25.5464,12.106
952,55.3833,25.5464,12.106
953,55.3833,25.5464,12.106
954,55.3833,25.5464,12.106
955,55.3833,25.5464,12.106
956,55.3833,25.5464,12.106
957,55.3833,25.5464,12.106
958,55.3833,25.5464,12.106
959,55.3833,25.5464,12.106
960,55.3833,25.5464,12.106
961,55.3833,25.5464,12.106
962,55.3833,25.5464,12.106
963,55.3833,25.5464,12.106
964,55.3833,25.5464,12.106
965,55.3833,25.5464,12.106
966,55.3833,25.5464,12.106
967,55.3833,25.5464,12.106
968,55.3833,25.5464,12.106
969,55.3833,25.5464,12.106
970,55.3833,25.5464,12.106
971,55.3833,25.5464,12.106
972,55.3833,25.5464,12.106
973,55.3833,25.5464,12.106
974,55.3833,25.5464,12.106
975,55.3833,25.5464,12.106
976,55.3833,25.5464,12.106
977,55.3833,25.5464,12.106
978,55.3833,25.5464,12.106
979,55.3833,25.5464,12.106
980,55.3833,25.5464,12.106
981,55.3833,25.5464,12.106
982,55.3833,25.5464,12.106
983,55.3833,25.5464,12.106
984,55.3833,25.5464,12.106
985,55.3833,25.5464,12.106
986,55.3833,25.5464,12.106
987,55.3833,25.5464,12.106
988,55.3833,25.5464,12.106
989,55.3833,25.5464,12.106
990,55.3833,25.5464,12.106
991,55.3833,25.5464,12.106
992,55.3833,25.5464,12.106
993,55.3833,25.5464,12.106
994,55.3833,25.5464,12.106
995,55.3833,25.5464,12.106
996,55.3833,25.5464,12.106
997,55.3833,25.5464,12.106
998,55.3833,25.5464,12.106
999,55.3833,25.5464,12.106
1000,55.3833,25.5464,12.106
1001,55.3833,25.5464,12.106
1002,55.3833,25.5464,12.106
1003,55.3833,25.5464,12.106
1004,55.3833,25.5464,12.106
1005,55.3833,25.5464,12.106
1006,55.3833,25.5464,12.106
1007,55.3833,25.5464,12.106
1008,55.3833,25.5464,12.106
1009,55.3833,25.5464,12.106
1010,55.3833,25.5464,12.106
1011,55.3833,25.5464,12.106
1012,55.3833,25.5464,12.106
1013,55.3833,25.5464,12.106
1014,55.3833,25.5464,12.106
1015,55.3833,25.5464,12.106
1016,55.3833,25.5464,12.106
1017,55.3833,25.5464,12.106
1018,55.3833,25.5464,12.106
1019,55.3833,25.5464,12.106
1020,55.3833,25.5464,12.106
1021,55.3833,25.5464,12.106
1022,55.3833,25.5464,12.106
1023,55.3833,25.5464,12.106
1024,55.3833,25.5464,12.106
1025,55.3833,25.5464,12.106
1026,55.3833,25.5464,12.106
1027,55.3833,25.5464,12.106
1028,55.3833,25.5464,12.106
1029,55.3833,25.5464,12.106
1030,55.3833,25.5464,12.106
1031,55.3833,25.5464,12.106
1032,55.3833,25.5464,12.106
1033,55.3833,25.5464,12.106
1034,55.3833,25.5464,12.106
1035,55.3833,25.5464,12.106
1036,55.3833,25.5464,12.106
1037,55.3833,25.5464,12.106
1038,55.3833,25.5464,12.106
1039,55.3833,25.5464,12.106
1040,55.3833,25.5464,12.106
1041,55.3833,25.5464,12.106
1042,55.3833,25.5464,12.106
1043,55.3833,25.5464,12.106
1044,55.3833,25.5464,12.106
1045,55.3833,25.5464,12.106
1046,55.3833,25.5464,12.106
1047,55.3833,25.5464,12.106
1048,55.3833,25.5464,12.106
1049,55.3833,25.5464,12.106
1050,55.3833,25.5464,12.106
1051,55.3833,25.5464,12.106
1052,55.3833,25.5464,12.106
1053,55.3833,25.5464,12.106
1054,55.3833,25.5464,12.106
1055,55.3833,25.5464,12.106
1056,55.3833,25.5464,12.106
1057,55.3833,25.5464,12.106
1058,55.3833,25.5464,12.106
1059,55.3833,25.5464,12.106
1060,55.3833,25.5464,12.106
1061,55.3833,25.5464,12.106
1062,55.3833,25.5464,12.106
1063,55.3833,25.5464,12.106
1064,55.3833,25.5464,12.106
1065,55.3833,25.5464,12.106
1066,55.3833,25.5464,12.106
1067,55.3833,25.5464,12.106
1068,55.3833,25.5464,12.106
1069,55.3833,25.5464,12.106
1070,55.3833,25.5464,12.106
1071,55.3833,25.5464,12.106
1072,55.3833,25.5464,12.106
1073,55.3833,25.5464,12.106
1074,55.3833,25.5464,12.106
1075,55.3833,25.5464,12.106
1076,55.3833,25.5464,12.106
1077,55.3833,25.5464,12.106
1078,55.3833,25.5464,12.106
1079,55.3833,25.5464,12.106
1080,55.3833,25.5464,12.106
1081,55.3833,25.5464,12.106
1082,55.3833,25.5464,12.106
1083,55.3833,25.5464,12.106
1084,55.3833,25.5464,12.106
1085,55.3833,25.5464,12.106
1086,55.3833,25.5464,12.106
1087,55.3833,25.5464,12.106
1088,55.3833,25.5464,12.106
1089,55.3833,25.5464,12.106
1090,55.3833,25.5464,12.106
1091,55.3833,25.5464,12.106
1092,55.3833,25.5464,12.106
1093,55.3833,25.5464,12.106
1094,55.3833,25.5464,12.106
1095,55.3833,25.5464,12.106
1096,55.3833,25.5464,12.106
1097,55.3833,25.5464,12.106
1098,55.3833,25.5464,12.106
1099,55.3833,25.5464,12.106
1100,55.3833,25.5464,12.106
1101,55.3833,25.5464,12.106
1102,55.3833,25.5464,12.106
1103,55.3833,25.5464,12.106
1104,55.3833,25.5464,12.106
1105,55.3833,25.5464,12.106
1106,55.3833,25.5464,12.106
1107,55.3833,25.5464,12.106
1108,55.3833,25.5464,12.106
1109,55.3833,25.5464,12.106
1110,55.3833,25.5464,12.106
1111,55.3833,25.5464,12.106
1112,55.3833,25.5464,12.106
1113,55.3833,25.5464,12.106
1114,55.3833,25.5464,12.106
1115,55.3833,25.5464,12.106
1116,55.3833,25.5464,12.106
1117,55.3833,25.5464,12.106
1118,55.3833,25.5464,12.106
1119,55.3833,25.5464,12.106
1120,55.3833,25.5464,12.106
1121,55.3833,25.5464,12.106
1122,55.3833,25.5464,12.106
1123,55.3833,25.5464,12.106
1124,55.3833,25.5464,12.106
1125,55.3833,25.5464,12.106
1126,55.3833,25.5464,12.106
1127,55.3833,25.5464,12.106
1128,55.3833,25.5464,12.106
1129,55.3833,25.5464,12.106
1130,55.3833,25.5464,12.106
1131,55.3833,25.5464,12.106
1132,55.3833,25.5464,12.106
1133,55.3833,25.5464,12.106
1134,55.3833,25.5464,12.106
1135,55.3833,25.5464,12.106
1136,55.3833,25.5464,12.106
1137,55.3833,25.5464,12.106
1138,55.3833,25.5464,12.106
1139,55.3833,25.5464,12.106
1140,55.3833,25.5464,12.106
1141,55.3833,25.5464,12.106
1142,55.3833,25.5464,12.106
1143,55.3833,25.5464,12.106
1144,55.3833,25.5464,12.106
1145,55.3833,25.5464,12.106
1146,55.3833,25.5464,12.106
1147,55.3833,25.5464,12.106
1148,55.3833,25.5464,12.106
1149,55.3833,25.5464,12.106
1150,55.3833,25.5464,12.106
1151,55.3833,25.5464,12.106
1152,55.3833,25.5464,12.106
1153,55.3833,25.5464,12.106
1154,55.3833,25.5464,12.106
1155,55.3833,25.5464,12.106
1156,55.3833,25.5464,12.106
1157,55.3833,25.5464,12.106
1158,55.3833,25.5464,12.106
1159,55.3833,25.5464,12.106
1160,55.3833,25.5464,12.106
1161,55.3833,25.5464,12.106
1162,55.3833,25.5464,12.106
1163,55.3833,25.5464,12.106
1164,55.3833,25.5464,12.106
1165,55.3833,25.5464,12.106
1166,55.3833,25.5464,12.106
1167,55.3833,25.5464,12.106
1168,55.3833,25.5464,12.106
1169,55.3833,25.5464,12.106
1170,55.3833,25.5464,12.106
1171,55.3833,25.5464,12.106
1172,55.3833,25.5464,12.106
1173,55.3833,25.5464,12.106
1174,55.3833,25.5464,12.106
1175,55.3833,25.5464,12.106
1176,55.3833,25.5464,12.106
1177,55.3833,25.5464,12.106
1178,55.3833,25.5464,12.106
1179,55.3833,25.5464,12.106
1180,55.3833,25.5464,12.106
1181,55.3833,25.5464,12.106
1182,55.3833,25.5464,12.106
1183,55.3833,25.5464,12.106
1184,55.3833,25.5464,12.106
1185,55.3833,25.5464,12.106
1186,55.3833,25.5464,12.106
1187,55.3833,25.5464,12.106
1188,55.3833,25.5464,12.106
1189,55.3833,25.5464,12.106
1190,55.3833,25.5464,12.106
1191,55.3833,25.5464,12.106
1192,55.3833,25.5464,12.106
1193,55.3833,25.5464,12.106
1194,55.3833,25.5464,12.106
1195,55.3833,25.5464,12.106
1196,55.3833,25.5464,12.106
1197,55.3833,25.5464,12.106
1198,55.3833,25.5464,12.106
1199,55.3833,25.5464,12.106
1200,55.3833,25.5464,12.106
1201,55.3833,25.5464,12.106
1202,55.3833,25.5464,12.106
1203,55.3833,25.5464,12.106
1204,55.3833,25.5464,12.106
1205,55.3833,25.5464,12.106
1206,55.3833,25.5464,12.106
1207,55.3833,25.5464,12.106
1208,55.3833,25.5464,12.106
1209,55.3833,25.5464,12.106
1210,55.3833,25.5464,12.106
1211,55.3833,25.5464,12.106
1212,55.3833,25.5464,12.106
1213,55.3833,25.5464,12.106
1214,55.3833,25.5464,12.106
1215,55.3833,25.5464,12.106
1216,55.3833,25.5464,12.106
1217,55.3833,25.5464,12.106
1218,55.3833,25.5464,12.106
1219,55.3833,25.5464,12.106
1220,55.3833,25.5464,12.106
1221,55.3833,25.5464,12.106
1222,55.3833,25.5464,12.106
1223,55.3833,25.5464,12.106
1224,55.3833,25.5464,12.106
1225,55.3833,25.5464,12.106
1226,55.3833,25.5464,12.106
1227,55.3833,25.5464,12.106
1228,55.3833,25.5464,12.106
1229,55.3833,25.5464,12.106
1230,55.3833,25.5464,12.106
1231,55.3833,25.5464,12.106
1232,55.3833,25.5464,12.106
1233,55.3833,25.5464,12.106
1234,55.3833,25.5464,12.106
1235,55.3833,25.5464,12.106
1236,55.3833,25.5464,12.106
1237,55.3833,25.5464,12.106
1238,55.3833,25.5464,12.106
1239,55.3833,25.5464,12.106
1240,55.3833,25.5464,12.106
1241,55.3833,25.5464,12.106
1242,55.3833,25.5464,12.106
1243,55.3833,25.5464,12.106
1244,55.3833,25.5464,12.106
1245,55.3833,25.5464,12.106
1246,55.3833,25.5464,12.106
1247,55.3833,25.5464,12.106
1248,55.3833,25.5464,12.106
1249,55.3833,25.5464,12.106
1250,55.3833,25.5464,12.106
1251,55.3833,25.5464,12.106
1252,55.3833,25.5464,12.106
1253,55.3833,25.5464,12.106
1254,55.3833,25.5464,12.106
1255,55.3833,25.5464,12.106
1256,55.3833,25.5464,12.106
1257,55.3833,25.5464,12.106
1258,55.3833,25.5464,12.106
1259,55.3833,25.5464,12.106
1260,55.3833,25.5464,12.106
1261,55.3833,25.5464,12.106
1262,55.3833,25.5464,12.106
1263,55.3833,25.5464,12.106
1264,55.3833,25.5464,12.106
1265,55.3833,25.5464,12.106
1266,55.3833,25.5464,12.106
1267,55.3833,25.5464,12.106
1268,55.3833,25.5464,12.106
1269,55.3833,25.5464,12.106
1270,55.3833,25.5464,12.106
1271,55.3833,25.5464,12.106
1272,55.3833,25.5464,12.106
1273,55.3833,25.5464,12.106
1274,55.3833,25.5464,12.106
1275,55.3833,25.5464,12.106
1276,55.3833,25.5464,12.106
1277,55.3833,25.5464,12.106
1278,55.3833,25.5464,12.106
1279,55.3833,25.5464,12.106
1280,55.3833,25.5464,12.106
1281,55.3833,25.5464,12.106
1282,55.3833,25.5464,12.106
1283,55.3833,25.5464,12.106
1284,55.3833,25.5464,12.106
1285,55.3833,25.5464,12.106
1286,55.3833,25.5464,12.106
1287,55.3833,25.5464,12.106
1288,55.3833,25.5464,12.106
1289,55.3833,25.5464,12.106
1290,55.3833,25.5464,12.106
1291,55.3833,25.5464,12.106
1292,55.3833,25.5464,12.106
1293,55.3833,25.5464,12.106
1294,55.3833,25.5464,12.106
1295,55.3833,25.5464,12.106
1296,55.3833,25.5464,12.106
1297,55.3833,25.5464,12.106
1298,55.3833,25.5464,12.106
1299,55.3833,25.5464,12.106
1300,55.3833,25.5464,12.106
1301,55.3833,25.5464,12.106
1302,55.3833,25.5464,12.106
1303,55.3833,25.5464,12.106
1304,55.3833,25.5464,12.106
1305,55.3833,25.5464,12.106
1306,55.3833,25.5464,12.106
1307,55.3833,25.5464,12.106
1308,55.3833,25.5464,12.106
1309,55.3833,25.5464,12.106
1310,55.3833,25.5464,12.106
1311,55.3833,25.5464,12.106
1312,55.3833,25.5464,12.106
1313,55.3833,25.5464,12.106
1314,55.3833,25.5464,12.106
1315,55.3833,25.5464,12.106
1316,55.3833,25.5464,12.106
1317,55.3833,25.5464,12.106
1318,55.3833,25.5464,12.106
1319,55.3833,25.5464,12.106
1320,55.3833,25.5464,12.106
1321,55.3833,25.5464,12.106
1322,55.3833,25.5464,12.106
1323,55.3833,25.5464,12.106
1324,55.3833,25.5464,12.106
1325,55.3833,25.5464,12.106
1326,55.3833,25.5464,12.106
1327,55.3833,25.5464,12.106
1328,55.3833,25.5464,12.106
1329,55.3833,25.5464,12.106
1330,55.3833,25.5464,12.106
1331,55.3833,25.5464,12.106
1332,55.3833,25.5464,12.106
1333,55.3833,25.5464,12.106
1334,55.3833,25.5464,12.106
1335,55.3833,25.5464,12.106
1336,55.3833,25.5464,12.106
1337,55.3833,25.5464,12.106
1338,55.3833,25.5464,12.106
1339,55.3833,25.5464,12.106
1340,55.3833,25.5464,12.106
1341,55.3833,25.5464,12.106
1342,55.3833,25.5464,12.106
1343,55.3833,25.5464,12.106
1344,55.3833,25.5464,12.106
1345,55.3833,25.5464,12.106
1346,55.3833,25.5464,12.106
1347,55.3833,25.5464,12.106
1348,55.3833,25.5464,12.106
1349,55.3833,25.5464,12.106
1350,55.3833,25.5464,12.106
1351,55.3833,25.5464,12.106
1352,55.3833,25.5464,12.106
1353,55.3833,25.5464,12.106
1354,55.3833,25.5464,12.106
1355,55.3833,25.5464,12.106
1356,55.3833,25.5464,12.106
1357,55.3833,25.5464,12.106
1358,55.3833,25.5464,12.106
1359,55.3833,25.5464,12.106
1360,55.3833,25.5464,12.106
1361,55.3833,25.5464,12.106
1362,55.3833,25.5464,12.106
1363,55.3833,25.5464,12.106
1364,55.3833,25.5464,12.106
1365,55.3833,25.5464,12.106
1366,55.3833,25.5464,12.106
1367,55.3833,25.5464,12.106
1368,55.3833,25.5464,12.106
1369,55.3833,25.5464,12.106
1370,55.3833,25.5464,12.106
1371,55.3833,25.5464,12.106
1372,55.3833,25.5464,12.106
1373,55.3833,25.5464,12.106
1374,55.3833,25.5464,12.106
1375,55.3833,25.5464,12.106
1376,55.3833,25.5464,12.106
1377,55.3833,25.5464,12.106
1378,55.3833,25.5464,12.106
1379,55.3833,25.5464,12.106
1380,55.3833,25.5464,12.106
1381,55.3833,25.5464,12.106
1382,55.3833,25.5464,12.106
1383,55.3833,25.5464,12.106
1384,55.3833,25.5464,12.106
1385,55.3833,25.5464,12.106
1386,55.3833,25.5464,12.106
1387,55.3833,25.5464,12.106
1388,55.3833,25.5464,12.106
1389,55.3833,25.5464,12.106
1390,55.3833,25.5464,12.106
1391,55.3833,25.5464,12.106
1392,55.3833,25.5464,12.106
1393,55.3833,25.5464,12.106
1394,55.3833,25.5464,12.106
1395,55.3833,25.5464,12.106
1396,55.3833,25.5464,12.106
1397,55.3833,25.5464,12.106
1398,55.3833,25.5464,12.106
1399,55.3833,25.5464,12.106
1400,55.3833,25.5464,12.106
1401,55.3833,25.5464,12.106
1402,55.3833,25.5464,12.106
1403,55.3833,25.5464,12.106
1404,55.3833,25.5464,12.106
1405,55.3833,25.5464,12.106
1406,55.3833,25.5464,12.106
1407,55.3833,25.5464,12.106
1408,55.3833,25.5464,12.106
1409,55.3833,25.5464,12.106
1410,55.3833,25.5464,12.106
1411,55.3833,25.5464,12.106
1412,55.3833,25.5464,12.106
1413,55.3833,25.5464,12.106
1414,55.3833,25.5464,12.106
1415,55.3833,25.5464,12.106
1416,55.3833,25.5464,12.106
1417,90.8688,52.6817,16.7258
1418,90.8688,52.6817,16.7258
1419,90.8688,52.6817,16.7258
1420,90.8688,52.6817,16.7258
1421,90.8688,52.6817,16.7258
1422,90.8688,52.6817,16.7258
1423,90.8688,52.6817,16.7258
1424,90.8688,52.6817,16.7258
1425,90.8688,52.6817,16.7258
1426,90.8688,52.6817,16.7258
1427,90.8688,52.6817,16.7258
1428,90.8688,52.6817,16.7258
1429,90.8688,52.6817,16.7258
1430,90.8688,52.6817,16.7258
1431,90.8688,52.6817,16.7258
1432,90.8688,52.6817,16.7258
1433,90.8688,52.6817,16.7258
1434,90.8688,52.6817,16.7258
1435,90.8688,52.6817,16.7258
1436,90.8688,52.6817,16.7258
1437,90.8688,52.6817,16.7258
1438,90.8688,52.6817,16.7258
1439,90.8688,52.6817,16.7258
1440,90.8688,52.6817,16.7258
1441,90.8688,52.6817,16.7258
1442,90.8688,52.6817,16.7258
1443,90.8688,52.6817,16.7258
1444,90.8688,52.6817,16.7258
1445,90.8688,52.6817,16.7258
1446,90.8688,52.6817,16.7258
1447,90.8688,52.6817,16.7258
1448,90.8688,52.6817,16.7258
1449,90.8688,52.6817,16.7258
1450,90.8688,52.6817,16.7258
1451,90.8688,52.6817,16.7258
1452,90.8688,52.6817,16.7258
1453,90.8688,52.6817,16.7258
1454,90.8688,52.6817,16.7258
1455,90.8688,52.6817,16.7258
1456,90.8688,52.6817,16.7258
1457,90.8688,52.6817,16.7258
1458,90.8688,52.6817,16.7258
1459,90.8688,52.6817,16.7258
1460,90.8688,52.6817,16.7258
1461,90.8688,52.6817,16.7258
1462,90.8688,52.6817,16.7258
1463,90.8688,52.6817,16.7258
1464,90.8688,52.6817,16.7258
1465,90.8688,52.6817,16.7258
1466,90.8688,52.6817,16.7258
1467,90.8688,52.6817,16.7258
1468,90.8688,52.6817,16.7258
1469,90.8688,52.6817,16.7258
1470,90.8688,52.6817,16.7258
1471,90.8688,52.6817,16.7258
1472,90.8688,52.6817,16.7258
1473,90.8688,52.6817,16.7258
1474,90.8688,52.6817,16.7258
1475,90.8688,52.6817,16.7258
1476,90.8688,52.6817,16.7258
1477,90.8688,52.6817,16.7258
1478,90.8688,52.6817,16.7258
1479,90.8688,52.6817,16.7258
1480,90.8688,52.6817,16.7258
1481,90.8688,52.6817,16.7258
1482,90.8688,52.6817,16.7258
1483,90.8688,52.6817,16.7258
1484,90.8688,52.6817,16.7258
1485,90.8688,52.6817,16.7258
1486,90.8688,52.6817,16.7258
1487,90.8688,52.6817,16.7258
1488,90.8688,52.6817,16.7258
1489,90.8688,52.6817,16.7258
1490,90.8688,52.6817,16.7258
1491,90.8688,52.6817,16.7258
1492,90.8688,52.6817,16.7258
1493,90.8688,52.6817,16.7258
1494,90.8688,52.6817,16.7258
1495,90.8688,52.6817,16.7258
1496,90.8688,52.6817,16.7258
1497,90.8688,52.6817,16.7258
1498,90.8688,52.6817,16.7258
1499,90.8688,52.6817,16.7258
1500,90.8688,52.6817,16.7258
1501,90.8688,52.6817,16.7258
1502,90.8688,52.6817,16.7258
1503,90.8688,52.6817,16.7258
1504,90.8688,52.6817,16.7258
1505,90.8688,52.6817,16.7258
1506,90.8688,52.6817,16.7258
1507,90.8688,52.6817,16.7258
1508,90.8688,52.6817,16.7258
1509,90.8688,52.6817,16.7258
1510,90.8688,52.6817,16.7258
1511,90.8688,52.6817,16.7258
1512,90.8688,52.6817,16.7258
1513,90.8688,52.6817,16.7258
1514,90.8688,52.6817,16.7258
1515,90.8688,52.6817,16.7258
1516,90.8688,52.6817,16.7258
1517,90.8688,52.6817,16.7258
1518,90.8688,52.6817,16.7258
1519,90.8688,52.6817,16.7258
1520,90.8688,52.6817,16.7258
1521,90.8688,52.6817,16.7258
1522,90.8688,52.6817,16.7258
1523,90.8688,52.6817,16.7258
1524,90.8688,52.6817,16.7258
1525,90.8688,52.6817,16.7258
1526,90.8688,52.6817,16.7258
1527,90.8688,52.6817,16.7258
1528,90.8688,52.6817,16.7258
1529,90.8688,52.6817,16.7258
1530,90.8688,52.6817,16.7258
1531,90.8688,52.6817,16.7258
1532,90.8688,52.6817,16.7258
1533,90.8688,52.6817,16.7258
1534,90.8688,52.6817,16.7258
1535,90.8688,52.6817,16.7258
1536,90.8688,52.6817,16.7258
1537,90.8688,52.6817,16.7258
1538,90.8688,52.6817,16.7258
1539,90.8688,52.6817,16.7258
1540,90.8688,52.6817,16.7258
1541,90.8688,52.6817,16.7258
1542,90.8688,52.6817,16.7258
1543,90.8688,52.6817,16.7258
1544,90.8688,52.6817,16.7258
1545,90.8688,52.6817,16.7258
1546,90.8688,52.6817,16.7258
1547,90.8688,52.6817,16.7258
1548,90.8688,52.6817,16.7258
1549,90.8688,52.6817,16.7258
1550,90.8688,52.6817,16.7258
1551,90.8688,52.6817,16.7258
1552,90.8688,52.6817,16.7258
1553,90.8688,52.6817,16.7258
1554,90.8688,52.6817,16.7258
1555,90.8688,52.6817,16.7258
1556,90.8688,52.6817,16.7258
1557,90.8688,52.6817,16.7258
1558,90.8688,52.6817,16.7258
1559,90.8688,52.6817,16.7258
1560,90.8688,52.6817,16.7258
1561,90.8688,52.6817,16.7258
1562,90.8688,52.6817,16.7258
1563,90.8688,52.6817,16.7258
1564,90.8688,52.6817,16.7258
1565,90.8688,52.6817,16.7258
1566,90.8688,52.6817,16.7258
1567,90.8688,52.6817,16.7258
1568,90.8688,52.6817,16.7258
1569,90.8688,52.6817,16.7258
1570,90.8688,52.6817,16.7258
1571,90.8688,52.6817,16.7258
1572,90.8688,52.6817,16.7258
1573,90.8688,52.6817,16.7258
1574,90.8688,52.6817,16.7258
1575,90.8688,52.6817,16.7258
1576,90.8688,52.6817,16.7258
1577,90.8688,52.6817,16.7258
1578,90.8688,52.6817,16.7258
1579,90.8688,52.6817,16.7258
1580,90.8688,52.6817,16.7258
1581,90.8688,52.6817,16.7258
1582,90.8688,52.6817,16.7258
1583,90.8688,52.6817,16.7258
1584,90.8688,52.6817,16.7258
1585,90.8688,52.6817,16.7258
1586,90.8688,52.6817,16.7258
1587,90.8688,52.6817,16.7258
1588,90.8688,52.6817,16.7258
1589,90.8688,52.6817,16.7258
1590,90.8688,52.6817,16.7258
1591,90.8688,52.6817,16.7258
1592,90.8688,52.6817,16.7258
1593,90.8688,52.6817,16.7258
1594,90.8688,52.6817,16.7258
1595,90.8688,52.6817,16.7258
1596,90.8688,52.6817,16.7258
1597,90.8688,52.6817,16.7258
1598,90.8688,52.6817,16.7258
1599,90.8688,52.6817,16.7258
1600,90.8688,52.6817,16.7258
1601,90.8688,52.6817,16.7258
1602,90.8688,52.6817,16.7258
1603,90.8688,52.6817,16.7258
1604,90.8688,52.6817,16.7258
1605,90.8688,52.6817,16.7258
1606,90.8688,52.6817,16.7258
1607,90.8688,52.6817,16.7258
1608,90.8688,52.6817,16.7258
1609,90.8688,52.6817,16.7258
1610,90.8688,52.6817,16.7258
1611,90.8688,52.6817,16.7258
1612,90.8688,52.6817,16.7258
1613,90.8688,52.6817,16.7258
1614,90.8688,52.6817,16.7258
1615,90.8688,52.6817,16.7258
1616,90.8688,52.6817,16.7258
1617,90.8688,52.6817,16.7258
1618,90.8688,52.6817,16.7258
1619,90.8688,52.6817,16.7258
1620,90.8688,52.6817,16.7258
1621,90.8688,52.6817,16.7258
1622,90.8688,52.6817,16.7258
1623,90.8688,52.6817,16.7258
1624,90.8688,52.6817,16.7258
1625,90.8688,52.6817,16.7258
1626,90.8688,52.6817,16.7258
1627,90.8688,52.6817,16.7258
1628,90.8688,52.6817,16.7258
1629,90.8688,52.6817,16.7258
1630,90.8688,52.6817,16.7258
1631,90.8688,52.6817,16.7258
1632,90.8688,52.6817,16.7258
1633,90.8688,52.6817,16.7258
1634,90.8688,52.6817,16.7258
1635,90.8688,52.6817,16.7258
1636,90.8688,52.6817,16.7258
1637,90.8688,52.6817,16.7258
1638,90.8688,52.6817,16.7258
1639,90.8688,52.6817,16.7258
1640,90.8688,52.6817,16.7258
1641,90.8688,52.6817,16.7258
1642,90.8688,52.6817,16.7258
1643,90.8688,52.6817,16.7258
1644,90.8688,52.6817,16.7258
1645,90.8688,52.6817,16.7258
1646,90.8688,52.6817,16.7258
1647,90.8688,52.6817,16.7258
1648,90.8688,52.6817,16.7258
1649,90.8688,52.6817,16.7258
1650,90.8688,52.6817,16.7258
1651,90.8688,52.6817,16.7258
1652,90.8688,52.6817,16.7258
1653,90.8688,52.6817,16.7258
1654,90.8688,52.6817,16.7258
1655,90.8688,52.6817,16.7258
1656,90.8688,52.6817,16.7258
1657,90.8688,52.6817,16.7258
1658,90.8688,52.6817,16.7258
1659,90.8688,52.6817,16.7258
1660,90.8688,52.6817,16.7258
1661,90.8688,52.6817,16.7258
1662,90.8688,52.6817,16.7258
1663,90.8688,52.6817,16.7258
1664,90.8688,52.6817,16.7258
1665,90.8688,52.6817,16.7258
1666,90.8688,52.6817,16.7258
1667,90.8688,52.6817,16.7258
1668,90.8688,52.6817,16.7258
1669,90.8688,52.6817,16.7258
1670,90.8688,52.6817,16.7258
1671,90.8688,52.6817,16.7258
1672,90.8688,52.6817,16.7258
1673,90.8688,52.6817,16.7258
1674,90.8688,52.6817,16.7258
1675,90.8688,52.6817,16.7258
1676,90.8688,52.6817,16.7258
1677,90.8688,52.6817,16.7258
1678,90.8688,52.6817,16.7258
1679,90.8688,52.6817,16.7258
1680,90.8688,52.6817,16.7258
1681,90.8688,52.6817,16.7258
1682,90.8688,52.6817,16.7258
1683,90.8688,52.6817,16.7258
1684,90.8688,52.6817,16.7258
1685,90.8688,52.6817,16.7258
1686,90.8688,52.6817,16.7258
1687,90.8688,52.6817,16.7258
1688,90.8688,52.6817,16.7258
1689,90.8688,52.6817,16.7258
1690,90.8688,52.6817,16.7258
1691,90.8688,52.6817,16.7258
1692,90.8688,52.6817,16.7258
1693,90.8688,52.6817,16.7258
1694,90.8688,52.6817,16.7258
1695,90.8688,52.6817,16.7258
1696,90.8688,52.6817,16.7258
1697,90.8688,52.6817,16.7258
1698,90.8688,52.6817,16.7258
1699,90.8688,52.6817,16.7258
1700,90.8688,52.6817,16.7258
1701,90.8688,52.6817,16.7258
1702,90.8688,52.6817,16.7258
1703,90.8688,52.6817,16.7258
1704,90.8688,52.6817,16.7258
1705,90.8688,52.6817,16.7258
1706,90.8688,52.6817,16.7258
1707,90.8688,52.6817,16.7258
1708,90.8688,52.6817,16.7258
1709,90.8688,52.6817,16.7258
1710,90.8688,52.6817,16.7258
1711,90.8688,52.6817,16.7258
1712,90.8688,52.6817,16.7258
1713,90.8688,52.6817,16.7258
1714,90.8688,52.6817,16.7258
1715,90.8688,52.6817,16.7258
1716,90.8688,52.6817,16.7258
1717,90.8688,52.6817,16.7258
1718,90.8688,52.6817,16.7258
1719,90.8688,52.6817,16.7258
1720,90.8688,52.6817,16.7258
1721,90.8688,52.6817,16.7258
1722,90.8688,52.6817,16.7258
1723,90.8688,52.6817,16.7258
1724,90.8688,52.6817,16.7258
1725,90.8688,52.6817,16.7258
1726,90.8688,52.6817,16.7258
1727,90.8688,52.6817,16.7258
1728,90.8688,52.6817,16.7258
1729,90.8688,52.6817,16.7258
1730,90.8688,52.6817,16.7258
1731,90.8688,52.6817,16.7258
1732,90.8688,52.6817,16.7258
1733,90.8688,52.6817,16.7258
1734,90.8688,52.6817,16.7258
1735,90.8688,52.6817,16.7258
1736,90.8688,52.6817,16.7258
1737,90.8688,52.6817,16.7258
1738,90.8688,52.6817,16.7258
1739,90.8688,52.6817,16.7258
1740,90.8688,52.6817,16.7258
1741,90.8688,52.6817,16.7258
1742,90.8688,52.6817,16.7258
1743,90.8688,52.6817,16.7258
1744,90.8688,52.6817,16.7258
1745,90.8688,52.6817,16.7258
1746,90.8688,52.6817,16.7258
1747,90.8688,52.6817,16.7258
1748,90.8688,52.6817,16.7258
1749,90.8688,52.6817,16.7258
1750,90.8688,52.6817,16.7258
1751,90.8688,52.6817,16.7258
1752,90.8688,52.6817,16.7258
1753,90.8688,52.6817,16.7258
1754,90.8688,52.6817,16.7258
1755,90.8688,52.6817,16.7258
1756,90.8688,52.6817,16.7258
1757,90.8688,52.6817,16.7258
1758,90.8688,52.6817,16.7258
1759,90.8688,52.6817,16.7258
1760,90.8688,52.6817,16.7258
1761,90.8688,52.6817,16.7258
1762,90.8688,52.6817,16.7258
1763,90.8688,52.6817,16.7258
1764,90.8688,52.6817,16.7258
1765,90.8688,52.6817,16.7258
1766,90.8688,52.6817,16.7258
1767,90.8688,52.6817,16.7258
1768,90.8688,52.6817,16.7258
1769,90.8688,52.6817,16.7258
1770,90.8688,52.6817,16.7258
1771,90.8688,52.6817,16.7258
1772,90.8688,52.6817,16.7258
1773,90.8688,52.6817,16.7258
1774,90.8688,52.6817,16.7258
1775,90.8688,52.6817,16.7258
1776,90.8688,52.6817,16.7258
1777,90.8688,52.6817,16.7258
1778,90.8688,52.6817,16.7258
1779,90.8688,52.6817,16.7258
1780,90.8688,52.6817,16.7258
1781,90.8688,52.6817,16.7258
1782,90.8688,52.6817,16.7258
1783,90.8688,52.6817,16.7258
1784,90.8688,52.6817,16.7258
1785,90.8688,52.6817,16.7258
1786,90.8688,52.6817,16.7258
1787,90.8688,52.6817,16.7258
1788,90.8688,52.6817,16.7258
1789,90.8688,52.6817,16.7258
1790,90.8688,52.6817,16.7258
1791,90.8688,52.6817,16.7258
1792,90.8688,52.6817,16.7258
1793,90.8688,52.6817,16.7258
1794,90.8688,52.6817,16.7258
1795,90.8688,52.6817,16.7258
1796,90.8688,52.6817,16.7258
1797,90.8688,52.6817,16.7258
1798,90.8688,52.6817,16.7258
1799,90.8688,52.6817,16.7258
1800,90.8688,52.6817,16.7258
1801,90.8688,52.6817,16.7258
1802,90.8688,52.6817,16.7258
1803,90.8688,52.6817,16.7258
1804,90.8688,52.6817,16.7258
1805,90.8688,52.6817,16.7258
1806,90.8688,52.6817,16.7258
1807,90.8688,52.6817,16.7258
1808,90.8688,52.6817,16.7258
1809,90.8688,52.6817,16.7258
1810,90.8688,52.6817,16.7258
1811,90.8688,52.6817,16.7258
1812,90.8688,52.6817,16.7258
1813,90.8688,52.6817,16.7258
1814,90.8688,52.6817,16.7258
1815,90.8688,52.6817,16.7258
1816,90.8688,52.6817,16.7258
1817,90.8688,52.6817,16.7258
1818,90.8688,52.6817,16.7258
1819,90.8688,52.6817,16.7258
1820,90.8688,52.6817,16.7258
1821,90.8688,52.6817,16.7258
1822,90.8688,52.6817,16.7258
1823,90.8688,52.6817,16.7258
1824,90.8688,52.6817,16.7258
1825,90.8688,52.6817,16.7258
1826,90.8688,52.6817,16.7258
1827,90.8688,52.6817,16.7258
1828,90.8688,52.6817,16.7258
1829,90.8688,52.6817,16.7258
1830,90.8688,52.6817,16.7258
1831,90.8688,52.6817,16.7258
1832,90.8688,52.6817,16.7258
1833,90.8688,52.6817,16.7258
1834,90.8688,52.6817,16.7258
1835,90.8688,52.6817,16.7258
1836,90.8688,52.6817,16.7258
1837,90.8688,52.6817,16.7258
1838,90.8688,52.6817,16.7258
1839,90.8688,52.6817,16.7258
1840,90.8688,52.6817,16.7258
1841,90.8688,52.6817,16.7258
1842,90.8688,52.6817,16.7258
1843,90.8688,52.6817,16.7258
1844,90.8688,52.6817,16.7258
1845,90.8688,52.6817,16.7258
1846,90.8688,52.6817,16.7258
1847,90.8688,52.6817,16.7258
1848,90.8688,52.6817,16.7258
1849,90.8688,52.6817,16.7258
1850,90.8688,52.6817,16.7258
1851,90.8688,52.6817,16.7258
1852,90.8688,52.6817,16.7258
1853,90.8688,52.6817,16.7258
1854,90.8688,52.6817,16.7258
1855,90.8688,52.6817,16.7258
1856,90.8688,52.6817,16.7258
1857,90.8688,52.6817,16.7258
1858,90.8688,52.6817,16.7258
1859,90.8688,52.6817,16.7258
1860,90.8688,52.6817,16.7258
1861,90.8688,52.6817,16.7258
1862,90.8688,52.6817,16.7258
1863,90.8688,52.6817,16.7258
1864,90.8688,52.6817,16.7258
1865,90.8688,52.6817,16.7258
1866,90.8688,52.6817,16.7258
1867,90.8688,52.6817,16.7258
1868,90.8688,52.6817,16.7258
1869,90.8688,52.6817,16.7258
1870,90.8688,52.6817,16.7258
1871,90.8688,52.6817,16.7258
1872,90.8688,52.6817,16.7258
1873,90.8688,52.6817,16.7258
1874,90.8688,52.6817,16.7258
1875,90.8688,52.6817,16.7258
1876,90.8688,52.6817,16.7258
1877,90.8688,52.6817,16.7258
1878,90.8688,52.6817,16.7258
1879,90.8688,52.6817,16.7258
1880,90.8688,52.6817,16.7258
1881,90.8688,52.6817,16.7258
1882,90.8688,52.6817,16.7258
1883,90.8688,52.6817,16.7258
1884,90.8688,52.6817,16.7258
1885,90.8688,52.6817,16.7258
1886,90.8688,52.6817,16.7258
1887,90.8688,52.6817,16.7258
1888,90.8688,52.6817,16.7258
1889,90.8688,52.6817,16.7258
1890,90.8688,52.6817,16.7258
1891,90.8688,52.6817,16.7258
1892,90.8688,52.6817,16.7258
1893,90.8688,52.6817,16.7258
1894,90.8688,52.6817,16.7258
1895,90.8688,52.6817,16.7258
1896,90.8688,52.6817,16.7258
1897,90.8688,52.6817,16.7258
1898,90.8688,52.6817,16.7258
1899,90.8688,52.6817,16.7258
1900,90.8688,52.6817,16.7258
1901,90.8688,52.6817,16.7258
1902,90.8688,52.6817,16.7258
1903,90.8688,52.6817,16.7258
1904,90.8688,52.6817,16.7258
1905,90.8688,52.6817,16.7258
1906,90.8688,52.6817,16.7258
1907,90.8688,52.6817,16.7258
1908,90.8688,52.6817,16.7258
1909,90.8688,52.6817,16.7258
1910,90.8688,52.6817,16.7258
1911,90.8688,52.6817,16.7258
1912,90.8688,52.6817,16.7258
1913,90.8688,52.6817,16.7258
1914,90.8688,52.6817,16.7258
1915,90.8688,52.6817,16.7258
1916,90.8688,52.6817,16.7258
1917,90.8688,52.6817,16.7258
1918,90.8688,52.6817,16.7258
1919,90.8688,52.6817,16.7258
1920,90.8688,52.6817,16.7258
1921,90.8688,52.6817,16.7258
1922,90.8688,52.6817,16.7258
1923,90.8688,52.6817,16.7258
1924,90.8688,52.6817,16.7258
1925,90.8688,52.6817,16.7258
1926,90.8688,52.6817,16.7258
1927,90.8688,52.6817,16.7258
1928,90.8688,52.6817,16.7258
1929,90.8688,52.6817,16.7258
1930,90.8688,52.6817,16.7258
1931,90.8688,52.6817,16.7258
1932,90.8688,52.6817,16.7258
1933,90.8688,52.6817,16.7258
1934,90.8688,52.6817,16.7258
1935,90.8688,52.6817,16.7258
1936,90.8688,52.6817,16.7258
1937,90.8688,52.6817,16.7258
1938,90.8688,52.6817,16.7258
1939,90.8688,52.6817,16.7258
1940,90.8688,52.6817,16.7258
1941,90.8688,52.6817,16.7258
1942,90.8688,52.6817,16.7258
1943,90.8688,52.6817,16.7258
1944,90.8688,52.6817,16.7258
1945,90.8688,52.6817,16.7258
1946,90.8688,52.6817,16.7258
1947,90.8688,52.6817,16.7258
1948,90.8688,52.6817,16.7258
1949,90.8688,52.6817,16.7258
1950,90.8688,52.6817,16.7258
1951,90.8688,52.6817,16.7258
1952,90.8688,52.6817,16.7258
1953,90.8688,52.6817,16.7258
1954,90.8688,52.6817,16.7258
1955,90.8688,52.6817,16.7258
1956,90.8688,52.6817,16.7258
1957,90.8688,52.6817,16.7258
1958,90.8688,52.6817,16.7258
1959,90.8688,52.6817,16.7258
1960,90.8688,52.6817,16.7258
1961,90.8688,52.6817,16.7258
1962,90.8688,52.6817,16.7258
1963,90.8688,52.6817,16.7258
1964,90.8688,52.6817,16.7258
1965,90.8688,52.6817,16.7258
1966,90.8688,52.6817,16.7258
1967,90.8688,52.6817,16.7258
1968,90.8688,52.6817,16.7258
1969,90.8688,52.6817,16.7258
1970,90.8688,52.6817,16.7258
1971,90.8688,52.6817,16.7258
1972,90.8688,52.6817,16.7258
1973,90.8688,52.6817,16.7258
1974,90.8688,52.6817,16.7258
1975,90.8688,52.6817,16.7258
1976,90.8688,52.6817,16.7258
1977,90.8688,52.6817,16.7258
1978,90.8688,52.6817,16.7258
1979,90.8688,52.6817,16.7258
1980,90.8688,52.6817,16.7258
1981,90.8688,52.6817,16.7258
1982,90.8688,52.6817,16.7258
1983,90.8688,52.6817,16.7258
1984,90.8688,52.6817,16.7258
1985,90.8688,52.6817,16.7258
1986,90.8688,52.6817,16.7258
1987,90.8688,52.6817,16.7258
1988,90.8688,52.6817,16.7258
1989,90.8688,52.6817,16.7258
1990,90.8688,52.6817,16.7258
1991,90.8688,52.6817,16.7258
1992,90.8688,52.6817,16.7258
1993,90.8688,52.6817,16.7258
1994,90.8688,52.6817,16.7258
1995,90.8688,52.6817,16.7258
1996,90.8688,52.6817,16.7258
1997,90.8688,52.6817,16.7258
1998,90.8688,52.6817,16.7258
1999,90.8688,52.6817,16.7258
2000,90.8688,52.6817,16.7258
2001,90.8688,52.6817,16.7258
2002,90.8688,52.6817,16.7258
2003,90.8688,52.6817,16.7258
2004,90.8688,52.6817,16.7258
2005,90.8688,52.6817,16.7258
2006,90.8688,52.6817,16.7258
2007,90.8688,52.6817,16.7258
2008,90.8688,52.6817,16.7258
2009,90.8688,52.6817,16.7258
2010,90.8688,52.6817,16.7258
2011,90.8688,52.6817,16.7258
2012,90.8688,52.6817,16.7258
2013,90.8688,52.6817,16.7258
2014,90.8688,52.6817,16.7258
2015,90.8688,52.6817,16.7258
2016,90.8688,52.6817,16.7258
2017,90.8688,52.6817,16.7258
2018,90.8688,52.6817,16.7258
2019,90.8688,52.6817,16.7258
2020,90.8688,52.6817,16.7258
2021,90.8688,52.6817,16.7258
2022,90.8688,52.6817,16.7258
2023,90.8688,52.6817,16.7258
2024,90.8688,52.6817,16.7258
2025,90.8688,52.6817,16.7258
2026,90.8688,52.6817,16.7258
2027,90.8688,52.6817,16.7258
2028,90.8688,52.6817,16.7258
2029,90.8688,52.6817,16.7258
2030,90.8688,52.6817,16.7258
2031,90.8688,52.6817,16.7258
2032,90.8688,52.6817,16.7258
2033,90.8688,52.6817,16.7258
2034,90.8688,52.6817,16.7258
2035,90.8688,52.6817,16.7258
2036,90.8688,52.6817,16.7258
2037,90.8688,52.6817,16.7258
2038,90.8688,52.6817,16.7258
2039,90.8688,52.6817,16.7258
2040,90.8688,52.6817,16.7258
2041,90.8688,52.6817,16.7258
2042,90.8688,52.6817,16.7258
2043,90.8688,52.6817,16.7258
2044,90.8688,52.6817,16.7258
2045,90.8688,52.6817,16.7258
2046,90.8688,52.6817,16.7258
2047,90.8688,52.6817,16.7258
2048,90.8688,52.6817,16.7258
2049,90.8688,52.6817,16.7258
2050,90.8688,52.6817,16.7258
2051,90.8688,52.6817,16.7258
2052,90.8688,52.6817,16.7258
2053,90.8688,52.6817,16.7258
2054,90.8688,52.6817,16.7258
2055,90.8688,52.6817,16.7258
2056,90.8688,52.6817,16.7258
2057,90.8688,52.6817,16.7258
2058,90.8688,52.6817,16.7258
2059,90.8688,52.6817,16.7258
2060,90.8688,52.6817,16.7258
2061,90.8688,52.6817,16.7258
2062,90.8688,52.6817,16.7258
2063,90.8688,52.6817,16.7258
2064,90.8688,52.6817,16.7258
2065,90.8688,52.6817,16.7258
2066,90.8688,52.6817,16.7258
2067,90.8688,52.6817,16.7258
2068,90.8688,52.6817,16.7258
2069,90.8688,52.6817,16.7258
2070,90.8688,52.6817,16.7258
2071,90.8688,52.6817,16.7258
2072,90.8688,52.6817,16.7258
2073,90.8688,52.6817,16.7258
2074,90.8688,52.6817,16.7258
2075,90.8688,52.6817,16.7258
2076,90.8688,52.6817,16.7258
2077,90.8688,52.6817,16.7258
2078,90.8688,52.6817,16.7258
2079,90.8688,52.6817,16.7258
2080,90.8688,52.6817,16.7258
2081,90.8688,52.6817,16.7258
2082,90.8688,52.6817,16.7258
2083,90.8688,52.6817,16.7258
2084,90.8688,52.6817,16.7258
2085,90.8688,52.6817,16.7258
2086,90.8688,52.6817,16.7258
2087,90.8688,52.6817,16.7258
2088,90.8688,52.6817,16.7258
2089,90.8688,52.6817,16.7258
2090,90.8688,52.6817,16.7258
2091,90.8688,52.6817,16.7258
2092,90.8688,52.6817,16.7258
2093,90.8688,52.6817,16.7258
2094,90.8688,52.6817,16.7258
2095,90.8688,52.6817,16.7258
2096,90.8688,52.6817,16.7258
2097,90.8688,52.6817,16.7258
2098,90.8688,52.6817,16.7258
2099,90.8688,52.6817,16.7258
2100,90.8688,52.6817,16.7258
2101,90.8688,52.6817,16.7258
2102,90.8688,52.6817,16.7258
2103,90.8688,52.6817,16.7258
2104,90.8688,52.6817,16.7258
2105,90.8688,52.6817,16.7258
2106,90.8688,52.6817,16.7258
2107,90.8688,52.6817,16.7258
2108,90.8688,52.6817,16.7258
2109,90.8688,52.6817,16.7258
2110,90.8688,52.6817,16.7258
2111,90.8688,52.6817,16.7258
2112,90.8688,52.6817,16.7258
2113,90.8688,52.6817,16.7258
2114,90.8688,52.6817,16.7258
2115,90.8688,52.6817,16.7258
2116,90.8688,52.6817,16.7258
2117,90.8688,52.6817,16.7258
2118,90.8688,52.6817,16.7258
2119,90.8688,52.6817,16.7258
2120,90.8688,52.6817,16.7258
2121,90.8688,52.6817,16.7258
2122,90.8688,52.6817,16.7258
2123,90.8688,52.6817,16.7258
2124,90.8688,52.6817,16.7258
2125,90.8688,52.6817,16.7258
2126,90.8688,52.6817,16.7258
2127,90.8688,52.6817,16.7258
2128,90.8688,52.6817,16.7258
2129,90.8688,52.6817,16.7258
2130,90.8688,52.6817,16.7258
2131,90.8688,52.6817,16.7258
2132,90.8688,52.6817,16.7258
2133,90.8688,52.6817,16.7258
2134,90.8688,52.6817,16.7258
2135,90.8688,52.6817,16.7258
2136,90.8688,52.6817,16.7258
2137,90.8688,52.6817,16.7258
2138,90.8688,52.6817,16.7258
2139,90.8688,52.6817,16.7258
2140,90.8688,52.6817,16.7258
2141,90.8688,52.6817,16.7258
2142,90.8688,52.6817,16.7258
2143,90.8688,52.6817,16.7258
2144,90.8688,52.6817,16.7258
2145,90.8688,52.6817,16.7258
2146,90.8688,52.6817,16.7258
2147,90.8688,52.6817,16.7258
2148,90.8688,52.6817,16.7258
2149,90.8688,52.6817,16.7258
2150,90.8688,52.6817,16.7258
2151,90.8688,52.6817,16.7258
2152,90.8688,52.6817,16.7258
2153,90.8688,52.6817,16.7258
2154,90.8688,52.6817,16.7258
2155,90.8688,52.6817,16.7258
2156,90.8688,52.6817,16.7258
2157,90.8688,52.6817,16.7258
2158,90.8688,52.6817,16.7258
2159,90.8688,52.6817,16.7258
2160,90.8688,52.6817,16.7258
2161,107.423,65.7889,24.39
2162,107.423,65.7889,24.39
2163,107.423,65.7889,24.39
2164,107.423,65.7889,24.39
2165,107.423,65.7889,24.39
2166,107.423,65.7889,24.39
2167,107.423,65.7889,24.39
2168,107.423,65.7889,24.39
2169,107.423,65.7889,24.39
2170,107.423,65.7889,24.39
2171,107.423,65.7889,24.39
2172,107.423,65.7889,24.39
2173,107.423,65.7889,24.39
2174,107.423,65.7889,24.39
2175,107.423,65.7889,24.39
2176,107.423,65.7889,24.39
2177,107.423,65.7889,24.39
2178,107.423,65.7889,24.39
2179,107.423,65.7889,24.39
2180,107.423,65.7889,24.39
2181,107.423,65.7889,24.39
2182,107.423,65.7889,24.39
2183,107.423,65.7889,24.39
2184,107.423,65.7889,24.39
2185,107.423,65.7889,24.39
2186,107.423,65.7889,24.39
2187,107.423,65.7889,24.39
2188,107.423,65.7889,24.39
2189,107.423,65.7889,24.39
2190,107.423,65.7889,24.39
2191,107.423,65.7889,24.39
2192,107.423,65.7889,24.39
2193,107.423,65.7889,24.39
2194,107.423,65.7889,24.39
2195,107.423,65.7889,24.39
2196,107.423,65.7889,24.39
2197,107.423,65.7889,24.39
2198,107.423,65.7889,24.39
2199,107.423,65.7889,24.39
2200,107.423,65.7889,24.39
2201,107.423,65.7889,24.39
2202,107.423,65.7889,24.39
2203,107.423,65.7889,24.39
2204,107.423,65.7889,24.39
2205,107.423,65.7889,24.39
2206,107.423,65.7889,24.39
2207,107.423,65.7889,24.39
2208,107.423,65.7889,24.39
2209,107.423,65.7889,24.39
2210,107.423,65.7889,24.39
2211,107.423,65.7889,24.39
2212,107.423,65.7889,24.39
2213,107.423,65.7889,24.39
2214,107.423,65.7889,24.39
2215,107.423,65.7889,24.39
2216,107.423,65.7889,24.39
2217,107.423,65.7889,24.39
2218,107.423,65.7889,24.39
2219,107.423,65.7889,24.39
2220,107.423,65.7889,24.39
2221,107.423,65.7889,24.39
2222,107.423,65.7889,24.39
2223,107.423,65.7889,24.39
2224,107.423,65.7889,24.39
2225,107.423,65.7889,24.39
2226,107.423,65.7889,24.39
2227,107.423,65.7889,24.39
2228,107.423,65.7889,24.39
2229,107.423,65.7889,24.39
2230,107.423,65.7889,24.39
2231,107.423,65.7889,24.39
2232,107.423,65.7889,24.39
2233,107.423,65.7889,24.39
2234,107.423,65.7889,24.39
2235,107.423,65.7889,24.39
2236,107.423,65.7889,24.39
2237,107.423,65.7889,24.39
2238,107.423,65.7889,24.39
2239,107.423,65.7889,24.39
2240,107.423,65.7889,24.39
2241,107.423,65.7889,24.39
2242,107.423,65.7889,24.39
2243,107.423,65.7889,24.39
2244,107.423,65.7889,24.39
2245,107.423,65.7889,24.39
2246,107.423,65.7889,24.39
2247,107.423,65.7889,24.39
2248,107.423,65.7889,24.39
2249,107.423,65.7889,24.39
2250,107.423,65.7889,24.39
2251,107.423,65.7889,24.39
2252,107.423,65.7889,24.39
2253,107.423,65.7889,24.39
2254,107.423,65.7889,24.39
2255,107.423,65.7889,24.39
2256,107.423,65.7889,24.39
2257,107.423,65.7889,24.39
2258,107.423,65.7889,24.39
2259,107.423,65.7889,24.39
2260,107.423,65.7889,24.39
2261,107.423,65.7889,24.39
2262,107.423,65.7889,24.39
2263,107.423,65.7889,24.39
2264,107.423,65.7889,24.39
2265,107.423,65.7889,24.39
2266,107.423,65.7889,24.39
2267,107.423,65.7889,24.39
2268,107.423,65.7889,24.39
2269,107.423,65.7889,24.39
2270,107.423,65.7889,24.39
2271,107.423,65.7889,24.39
2272,107.423,65.7889,24.39
2273,107.423,65.7889,24.39
2274,107.423,65.7889,24.39
2275,107.423,65.7889,24.39
2276,107.423,65.7889,24.39
2277,107.423,65.7889,24.39
2278,107.423,65.7889,24.39
2279,107.423,65.7889,24.39
2280,107.423,65.7889,24.39
2281,107.423,65.7889,24.39
2282,107.423,65.7889,24.39
2283,107.423,65.7889,24.39
2284,107.423,65.7889,24.39
2285,107.423,65.7889,24.39
2286,107.423,65.7889,24.39
2287,107.423,65.7889,24.39
2288,107.423,65.7889,24.39
2289,107.423,65.7889,24.39
2290,107.423,65.7889,24.39
2291,107.423,65.7889,24.39
2292,107.423,65.7889,24.39
2293,107.423,65.7889,24.39
2294,107.423,65.7889,24.39
2295,107.423,65.7889,24.39
2296,107.423,65.7889,24.39
2297,107.423,65.7889,24.39
2298,107.423,65.7889,24.39
2299,107.423,65.7889,24.39
2300,107.423,65.7889,24.39
2301,107.423,65.7889,24.39
2302,107.423,65.7889,24.39
2303,107.423,65.7889,24.39
2304,107.423,65.7889,24.39
2305,107.423,65.7889,24.39
2306,107.423,65.7889,24.39
2307,107.423,65.7889,24.39
2308,107.423,65.7889,24.39
2309,107.423,65.7889,24.39
2310,107.423,65.7889,24.39
2311,107.423,65.7889,24.39
2312,107.423,65.7889,24.39
2313,107.423,65.7889,24.39
2314,107.423,65.7889,24.39
2315,107.423,65.7889,24.39
2316,107.423,65.7889,24.39
2317,107.423,65.7889,24.39
2318,107.423,65.7889,24.39
2319,107.423,65.7889,24.39
2320,107.423,65.7889,24.39
2321,107.423,65.7889,24.39
2322,107.423,65.7889,24.39
2323,107.423,65.7889,24.39
2324,107.423,65.7889,24.39
2325,107.423,65.7889,24.39
2326,107.423,65.7889,24.39
2327,107.423,65.7889,24.39
2328,107.423,65.7889,24.39
2329,107.423,65.7889,24.39
2330,107.423,65.7889,24.39
2331,107.423,65.7889,24.39
2332,107.423,65.7889,24.39
2333,107.423,65.7889,24.39
2334,107.423,65.7889,24.39
2335,107.423,65.7889,24.39
2336,107.423,65.7889,24.39
2337,107.423,65.7889,24.39
2338,107.423,65.7889,24.39
2339,107.423,65.7889,24.39
2340,107.423,65.7889,24.39
2341,107.423,65.7889,24.39
2342,107.423,65.7889,24.39
2343,107.423,65.7889,24.39
2344,107.423,65.7889,24.39
2345,107.423,65.7889,24.39
2346,107.423,65.7889,24.39
2347,107.423,65.7889,24.39
2348,107.423,65.7889,24.39
2349,107.423,65.7889,24.39
2350,107.423,65.7889,24.39
2351,107.423,65.7889,24.39
2352,107.423,65.7889,24.39
2353,107.423,65.7889,24.39
2354,107.423,65.7889,24.39
2355,107.423,65.7889,24.39
2356,107.423,65.7889,24.39
2357,107.423,65.7889,24.39
2358,107.423,65.7889,24.39
2359,107.423,65.7889,24.39
2360,107.423,65.7889,24.39
2361,107.423,65.7889,24.39
2362,107.423,65.7889,24.39
2363,107.423,65.7889,24.39
2364,107.423,65.7889,24.39
2365,107.423,65.7889,24.39
2366,107.423,65.7889,24.39
2367,107.423,65.7889,24.39
2368,107.423,65.7889,24.39
2369,107.423,65.7889,24.39
2370,107.423,65.7889,24.39
2371,107.423,65.7889,24.39
2372,107.423,65.7889,24.39
2373,107.423,65.7889,24.39
2374,107.423,65.7889,24.39
2375,107.423,65.7889,24.39
2376,107.423,65.7889,24.39
2377,107.423,65.7889,24.39
2378,107.423,65.7889,24.39
2379,107.423,65.7889,24.39
2380,107.423,65.7889,24.39
2381,107.423,65.7889,24.39
2382,107.423,65.7889,24.39
2383,107.423,65.7889,24.39
2384,107.423,65.7889,24.39
2385,107.423,65.7889,24.39
2386,107.423,65.7889,24.39
2387,107.423,65.7889,24.39
2388,107.423,65.7889,24.39
2389,107.423,65.7889,24.39
2390,107.423,65.7889,24.39
2391,107.423,65.7889,24.39
2392,107.423,65.7889,24.39
2393,107.423,65.7889,24.39
2394,107.423,65.7889,24.39
2395,107.423,65.7889,24.39
2396,107.423,65.7889,24.39
2397,107.423,65.7889,24.39
2398,107.423,65.7889,24.39
2399,107.423,65.7889,24.39
2400,107.423,65.7889,24.39
2401,107.423,65.7889,24.39
2402,107.423,65.7889,24.39
2403,107.423,65.7889,24.39
2404,107.423,65.7889,24.39
2405,107.423,65.7889,24.39
2406,107.423,65.7889,24.39
2407,107.423,65.7889,24.39
2408,107.423,65.7889,24.39
2409,107.423,65.7889,24.39
2410,107.423,65.7889,24.39
2411,107.423,65.7889,24.39
2412,107.423,65.7889,24.39
2413,107.423,65.7889,24.39
2414,107.423,65.7889,24.39
2415,107.423,65.7889,24.39
2416,107.423,65.7889,24.39
2417,107.423,65.7889,24.39
2418,107.423,65.7889,24.39
2419,107.423,65.7889,24.39
2420,107.423,65.7889,24.39
2421,107.423,65.7889,24.39
2422,107.423,65.7889,24.39
2423,107.423,65.7889,24.39
2424,107.423,65.7889,24.39
2425,107.423,65.7889,24.39
2426,107.423,65.7889,24.39
2427,107.423,65.7889,24.39
2428,107.423,65.7889,24.39
2429,107.423,65.7889,24.39
2430,107.423,65.7889,24.39
2431,107.423,65.7889,24.39
2432,107.423,65.7889,24.39
2433,107.423,65.7889,24.39
2434,107.423,65.7889,24.39
2435,107.423,65.7889,24.39
2436,107.423,65.7889,24.39
2437,107.423,65.7889,24.39
2438,107.423,65.7889,24.39
2439,107.423,65.7889,24.39
2440,107.423,65.7889,24.39
2441,107.423,65.7889,24.39
2442,107.423,65.7889,24.39
2443,107.423,65.7889,24.39
2444,107.423,65.7889,24.39
2445,107.423,65.7889,24.39
2446,107.423,65.7889,24.39
2447,107.423,65.7889,24.39
2448,107.423,65.7889,24.39
2449,107.423,65.7889,24.39
2450,107.423,65.7889,24.39
2451,107.423,65.7889,24.39
2452,107.423,65.7889,24.39
2453,107.423,65.7889,24.39
2454,107.423,65.7889,24.39
2455,107.423,65.7889,24.39
2456,107.423,65.7889,24.39
2457,107.423,65.7889,24.39
2458,107.423,65.7889,24.39
2459,107.423,65.7889,24.39
2460,107.423,65.7889,24.39
2461,107.423,65.7889,24.39
2462,107.423,65.7889,24.39
2463,107.423,65.7889,24.39
2464,107.423,65.7889,24.39
2465,107.423,65.7889,24.39
2466,107.423,65.7889,24.39
2467,107.423,65.7889,24.39
2468,107.423,65.7889,24.39
2469,107.423,65.7889,24.39
2470,107.423,65.7889,24.39
2471,107.423,65.7889,24.39
2472,107.423,65.7889,24.39
2473,107.423,65.7889,24.39
2474,107.423,65.7889,24.39
2475,107.423,65.7889,24.39
2476,107.423,65.7889,24.39
2477,107.423,65.7889,24.39
2478,107.423,65.7889,24.39
2479,107.423,65.7889,24.39
2480,107.423,65.7889,24.39
2481,107.423,65.7889,24.39
2482,107.423,65.7889,24.39
2483,107.423,65.7889,24.39
2484,107.423,65.7889,24.39
2485,107.423,65.7889,24.39
2486,107.423,65.7889,24.39
2487,107.423,65.7889,24.39
2488,107.423,65.7889,24.39
2489,107.423,65.7889,24.39
2490,107.423,65.7889,24.39
2491,107.423,65.7889,24.39
2492,107.423,65.7889,24.39
2493,107.423,65.7889,24.39
2494,107.423,65.7889,24.39
2495,107.423,65.7889,24.39
2496,107.423,65.7889,24.39
2497,107.423,65.7889,24.39
2498,107.423,65.7889,24.39
2499,107.423,65.7889,24.39
2500,107.423,65.7889,24.39
2501,107.423,65.7889,24.39
2502,107.423,65.7889,24.39
2503,107.423,65.7889,24.39
2504,107.423,65.7889,24.39
2505,107.423,65.7889,24.39
2506,107.423,65.7889,24.39
2507,107.423,65.7889,24.39
2508,107.423,65.7889,24.39
2509,107.423,65.7889,24.39
2510,107.423,65.7889,24.39
2511,107.423,65.7889,24.39
2512,107.423,65.7889,24.39
2513,107.423,65.7889,24.39
2514,107.423,65.7889,24.39
2515,107.423,65.7889,24.39
2516,107.423,65.7889,24.39
2517,107.423,65.7889,24.39
2518,107.423,65.7889,24.39
2519,107.423,65.7889,24.39
2520,107.423,65.7889,24.39
2521,107.423,65.7889,24.39
2522,107.423,65.7889,24.39
2523,107.423,65.7889,24.39
2524,107.423,65.7889,24.39
2525,107.423,65.7889,24.39
2526,107.423,65.7889,24.39
2527,107.423,65.7889,24.39
2528,107.423,65.7889,24.39
2529,107.423,65.7889,24.39
2530,107.423,65.7889,24.39
2531,107.423,65.7889,24.39
2532,107.423,65.7889,24.39
2533,107.423,65.7889,24.39
2534,107.423,65.7889,24.39
2535,107.423,65.7889,24.39
2536,107.423,65.7889,24.39
2537,107.423,65.7889,24.39
2538,107.423,65.7889,24.39
2539,107.423,65.7889,24.39
2540,107.423,65.7889,24.39
2541,107.423,65.7889,24.39
2542,107.423,65.7889,24.39
2543,107.423,65.7889,24.39
2544,107.423,65.7889,24.39
2545,107.423,65.7889,24.39
2546,107.423,65.7889,24.39
2547,107.423,65.7889,24.39
2548,107.423,65.7889,24.39
2549,107.423,65.7889,24.39
2550,107.423,65.7889,24.39
2551,107.423,65.7889,24.39
2552,107.423,65.7889,24.39
2553,107.423,65.7889,24.39
2554,107.423,65.7889,24.39
2555,107.423,65.7889,24.39
2556,107.423,65.7889,24.39
2557,107.423,65.7889,24.39
2558,107.423,65.7889,24.39
2559,107.423,65.7889,24.39
2560,107.423,65.7889,24.39
2561,107.423,65.7889,24.39
2562,107.423,65.7889,24.39
2563,107.423,65.7889,24.39
2564,107.423,65.7889,24.39
2565,107.423,65.7889,24.39
2566,107.423,65.7889,24.39
2567,107.423,65.7889,24.39
2568,107.423,65.7889,24.39
2569,107.423,65.7889,24.39
2570,107.423,65.7889,24.39
2571,107.423,65.7889,24.39
2572,107.423,65.7889,24.39
2573,107.423,65.7889,24.39
2574,107.423,65.7889,24.39
2575,107.423,65.7889,24.39
2576,107.423,65.7889,24.39
2577,107.423,65.7889,24.39
2578,107.423,65.7889,24.39
2579,107.423,65.7889,24.39
2580,107.423,65.7889,24.39
2581,107.423,65.7889,24.39
2582,107.423,65.7889,24.39
2583,107.423,65.7889,24.39
2584,107.423,65.7889,24.39
2585,107.423,65.7889,24.39
2586,107.423,65.7889,24.39
2587,107.423,65.7889,24.39
2588,107.423,65.7889,24.39
2589,107.423,65.7889,24.39
2590,107.423,65.7889,24.39
2591,107.423,65.7889,24.39
2592,107.423,65.7889,24.39
2593,107.423,65.7889,24.39
2594,107.423,65.7889,24.39
2595,107.423,65.7889,24.39
2596,107.423,65.7889,24.39
2597,107.423,65.7889,24.39
2598,107.423,65.7889,24.39
2599,107.423,65.7889,24.39
2600,107.423,65.7889,24.39
2601,107.423,65.7889,24.39
2602,107.423,65.7889,24.39
2603,107.423,65.7889,24.39
2604,107.423,65.7889,24.39
2605,107.423,65.7889,24.39
2606,107.423,65.7889,24.39
2607,107.423,65.7889,24.39
2608,107.423,65.7889,24.39
2609,107.423,65.7889,24.39
2610,107.423,65.7889,24.39
2611,107.423,65.7889,24.39
2612,107.423,65.7889,24.39
2613,107.423,65.7889,24.39
2614,107.423,65.7889,24.39
2615,107.423,65.7889,24.39
2616,107.423,65.7889,24.39
2617,107.423,65.7889,24.39
2618,107.423,65.7889,24.39
2619,107.423,65.7889,24.39
2620,107.423,65.7889,24.39
2621,107.423,65.7889,24.39
2622,107.423,65.7889,24.39
2623,107.423,65.7889,24.39
2624,107.423,65.7889,24.39
2625,107.423,65.7889,24.39
2626,107.423,65.7889,24.39
2627,107.423,65.7889,24.39
2628,107.423,65.7889,24.39
2629,107.423,65.7889,24.39
2630,107.423,65.7889,24.39
2631,107.423,65.7889,24.39
2632,107.423,65.7889,24.39
2633,107.423,65.7889,24.39
2634,107.423,65.7889,24.39
2635,107.423,65.7889,24.39
2636,107.423,65.7889,24.39
2637,107.423,65.7889,24.39
2638,107.423,65.7889,24.39
2639,107.423,65.7889,24.39
2640,107.423,65.7889,24.39
2641,107.423,65.7889,24.39
2642,107.423,65.7889,24.39
2643,107.423,65.7889,24.39
2644,107.423,65.7889,24.39
2645,107.423,65.7889,24.39
2646,107.423,65.7889,24.39
2647,107.423,65.7889,24.39
2648,107.423,65.7889,24.39
2649,107.423,65.7889,24.39
2650,107.423,65.7889,24.39
2651,107.423,65.7889,24.39
2652,107.423,65.7889,24.39
2653,107.423,65.7889,24.39
2654,107.423,65.7889,24.39
2655,107.423,65.7889,24.39
2656,107.423,65.7889,24.39
2657,107.423,65.7889,24.39
2658,107.423,65.7889,24.39
2659,107.423,65.7889,24.39
2660,107.423,65.7889,24.39
2661,107.423,65.7889,24.39
2662,107.423,65.7889,24.39
2663,107.423,65.7889,24.39
2664,107.423,65.7889,24.39
2665,107.423,65.7889,24.39
2666,107.423,65.7889,24.39
2667,107.423,65.7889,24.39
2668,107.423,65.7889,24.39
2669,107.423,65.7889,24.39
2670,107.423,65.7889,24.39
2671,107.423,65.7889,24.39
2672,107.423,65.7889,24.39
2673,107.423,65.7889,24.39
2674,107.423,65.7889,24.39
2675,107.423,65.7889,24.39
2676,107.423,65.7889,24.39
2677,107.423,65.7889,24.39
2678,107.423,65.7889,24.39
2679,107.423,65.7889,24.39
2680,107.423,65.7889,24.39
2681,107.423,65.7889,24.39
2682,107.423,65.7889,24.39
2683,107.423,65.7889,24.39
2684,107.423,65.7889,24.39
2685,107.423,65.7889,24.39
2686,107.423,65.7889,24.39
2687,107.423,65.7889,24.39
2688,107.423,65.7889,24.39
2689,107.423,65.7889,24.39
2690,107.423,65.7889,24.39
2691,107.423,65.7889,24.39
2692,107.423,65.7889,24.39
2693,107.423,65.7889,24.39
2694,107.423,65.7889,24.39
2695,107.423,65.7889,24.39
2696,107.423,65.7889,24.39
2697,107.423,65.7889,24.39
2698,107.423,65.7889,24.39
2699,107.423,65.7889,24.39
2700,107.423,65.7889,24.39
2701,107.423,65.7889,24.39
2702,107.423,65.7889,24.39
2703,107.423,65.7889,24.39
2704,107.423,65.7889,24.39
2705,107.423,65.7889,24.39
2706,107.423,65.7889,24.39
2707,107.423,65.7889,24.39
2708,107.423,65.7889,24.39
2709,107.423,65.7889,24.39
2710,107.423,65.7889,24.39
2711,107.423,65.7889,24.39
2712,107.423,65.7889,24.39
2713,107.423,65.7889,24.39
2714,107.423,65.7889,24.39
2715,107.423,65.7889,24.39
2716,107.423,65.7889,24.39
2717,107.423,65.7889,24.39
2718,107.423,65.7889,24.39
2719,107.423,65.7889,24.39
2720,107.423,65.7889,24.39
2721,107.423,65.7889,24.39
2722,107.423,65.7889,24.39
2723,107.423,65.7889,24.39
2724,107.423,65.7889,24.39
2725,107.423,65.7889,24.39
2726,107.423,65.7889,24.39
2727,107.423,65.7889,24.39
2728,107.423,65.7889,24.39
2729,107.423,65.7889,24.39
2730,107.423,65.7889,24.39
2731,107.423,65.7889,24.39
2732,107.423,65.7889,24.39
2733,107.423,65.7889,24.39
2734,107.423,65.7889,24.39
2735,107.423,65.7889,24.39
2736,107.423,65.7889,24.39
2737,107.423,65.7889,24.39
2738,107.423,65.7889,24.39
2739,107.423,65.7889,24.39
2740,107.423,65.7889,24.39
2741,107.423,65.7889,24.39
2742,107.423,65.7889,24.39
2743,107.423,65.7889,24.39
2744,107.423,65.7889,24.39
2745,107.423,65.7889,24.39
2746,107.423,65.7889,24.39
2747,107.423,65.7889,24.39
2748,107.423,65.7889,24.39
2749,107.423,65.7889,24.39
2750,107.423,65.7889,24.39
2751,107.423,65.7889,24.39
2752,107.423,65.7889,24.39
2753,107.423,65.7889,24.39
2754,107.423,65.7889,24.39
2755,107.423,65.7889,24.39
2756,107.423,65.7889,24.39
2757,107.423,65.7889,24.39
2758,107.423,65.7889,24.39
2759,107.423,65.7889,24.39
2760,107.423,65.7889,24.39
2761,107.423,65.7889,24.39
2762,107.423,65.7889,24.39
2763,107.423,65.7889,24.39
2764,107.423,65.7889,24.39
2765,107.423,65.7889,24.39
2766,107.423,65.7889,24.39
2767,107.423,65.7889,24.39
2768,107.423,65.7889,24.39
2769,107.423,65.7889,24.39
2770,107.423,65.7889,24.39
2771,107.423,65.7889,24.39
2772,107.423,65.7889,24.39
2773,107.423,65.7889,24.39
2774,107.423,65.7889,24.39
2775,107.423,65.7889,24.39
2776,107.423,65.7889,24.39
2777,107.423,65.7889,24.39
2778,107.423,65.7889,24.39
2779,107.423,65.7889,24.39
2780,107.423,65.7889,24.39
2781,107.423,65.7889,24.39
2782,107.423,65.7889,24.39
2783,107.423,65.7889,24.39
2784,107.423,65.7889,24.39
2785,107.423,65.7889,24.39
2786,107.423,65.7889,24.39
2787,107.423,65.7889,24.39
2788,107.423,65.7889,24.39
2789,107.423,65.7889,24.39
2790,107.423,65.7889,24.39
2791,107.423,65.7889,24.39
2792,107.423,65.7889,24.39
2793,107.423,65.7889,24.39
2794,107.423,65.7889,24.39
2795,107.423,65.7889,24.39
2796,107.423,65.7889,24.39
2797,107.423,65.7889,24.39
2798,107.423,65.7889,24.39
2799,107.423,65.7889,24.39
2800,107.423,65.7889,24.39
2801,107.423,65.7889,24.39
2802,107.423,65.7889,24.39
2803,107.423,65.7889,24.39
2804,107.423,65.7889,24.39
2805,107.423,65.7889,24.39
2806,107.423,65.7889,24.39
2807,107.423,65.7889,24.39
2808,107.423,65.7889,24.39
2809,107.423,65.7889,24.39
2810,107.423,65.7889,24.39
2811,107.423,65.7889,24.39
2812,107.423,65.7889,24.39
2813,107.423,65.7889,24.39
2814,107.423,65.7889,24.39
2815,107.423,65.7889,24.39
2816,107.423,65.7889,24.39
2817,107.423,65.7889,24.39
2818,107.423,65.7889,24.39
2819,107.423,65.7889,24.39
2820,107.423,65.7889,24.39
2821,107.423,65.7889,24.39
2822,107.423,65.7889,24.39
2823,107.423,65.7889,24.39
2824,107.423,65.7889,24.39
2825,107.423,65.7889,24.39
2826,107.423,65.7889,24.39
2827,107.423,65.7889,24.39
2828,107.423,65.7889,24.39
2829,107.423,65.7889,24.39
2830,107.423,65.7889,24.39
2831,107.423,65.7889,24.39
2832,107.423,65.7889,24.39
2833,107.423,65.7889,24.39
2834,107.423,65.7889,24.39
2835,107.423,65.7889,24.39
2836,107.423,65.7889,24.39
2837,107.423,65.7889,24.39
2838,107.423,65.7889,24.39
2839,107.423,65.7889,24.39
2840,107.423,65.7889,24.39
2841,107.423,65.7889,24.39
2842,107.423,65.7889,24.39
2843,107.423,65.7889,24.39
2844,107.423,65.7889,24.39
2845,107.423,65.7889,24.39
2846,107.423,65.7889,24.39
2847,107.423,65.7889,24.39
2848,107.423,65.7889,24.39
2849,107.423,65.7889,24.39
2850,107.423,65.7889,24.39
2851,107.423,65.7889,24.39
2852,107.423,65.7889,24.39
2853,107.423,65.7889,24.39
2854,107.423,65.7889,24.39
2855,107.423,65.7889,24.39
2856,107.423,65.7889,24.39
2857,107.423,65.7889,24.39
2858,107.423,65.7889,24.39
2859,107.423,65.7889,24.39
2860,107.423,65.7889,24.39
2861,107.423,65.7889,24.39
2862,107.423,65.7889,24.39
2863,107.423,65.7889,24.39
2864,107.423,65.7889,24.39
2865,107.423,65.7889,24.39
2866,107.423,65.7889,24.39
2867,107.423,65.7889,24.39
2868,107.423,65.7889,24.39
2869,107.423,65.7889,24.39
2870,107.423,65.7889,24.39
2871,107.423,65.7889,24.39
2872,107.423,65.7889,24.39
2873,107.423,65.7889,24.39
2874,107.423,65.7889,24.39
2875,107.423,65.7889,24.39
2876,107.423,65.7889,24.39
2877,107.423,65.7889,24.39
2878,107.423,65.7889,24.39
2879,107.423,65.7889,24.39
2880,107.423,65.7889,24.39
2881,106.14,60.9097,28.1935
2882,106.14,60.9097,28.1935
2883,106.14,60.9097,28.1935
2884,106.14,60.9097,28.1935
2885,106.14,60.9097,28.1935
2886,106.14,60.9097,28.1935
2887,106.14,60.9097,28.1935
2888,106.14,60.9097,28.1935
2889,106.14,60.9097,28.1935
2890,106.14,60.9097,28.1935
2891,106.14,60.9097,28.1935
2892,106.14,60.9097,28.1935
2893,106.14,60.9097,28.1935
2894,106.14,60.9097,28.1935
2895,106.14,60.9097,28.1935
2896,106.14,60.9097,28.1935
2897,106.14,60.9097,28.1935
2898,106.14,60.9097,28.1935
2899,106.14,60.9097,28.1935
2900,106.14,60.9097,28.1935
2901,106.14,60.9097,28.1935
2902,106.14,60.9097,28.1935
2903,106.14,60.9097,28.1935
2904,106.14,60.9097,28.1935
2905,106.14,60.9097,28.1935
2906,106.14,60.9097,28.1935
2907,106.14,60.9097,28.1935
2908,106.14,60.9097,28.1935
2909,106.14,60.9097,28.1935
2910,106.14,60.9097,28.1935
2911,106.14,60.9097,28.1935
2912,106.14,60.9097,28.1935
2913,106.14,60.9097,28.1935
2914,106.14,60.9097,28.1935
2915,106.14,60.9097,28.1935
2916,106.14,60.9097,28.1935
2917,106.14,60.9097,28.1935
2918,106.14,60.9097,28.1935
2919,106.14,60.9097,28.1935
2920,106.14,60.9097,28.1935
2921,106.14,60.9097,28.1935
2922,106.14,60.9097,28.1935
2923,106.14,60.9097,28.1935
2924,106.14,60.9097,28.1935
2925,106.14,60.9097,28.1935
2926,106.14,60.9097,28.1935
2927,106.14,60.9097,28.1935
2928,106.14,60.9097,28.1935
2929,106.14,60.9097,28.1935
2930,106.14,60.9097,28.1935
2931,106.14,60.9097,28.1935
2932,106.14,60.9097,28.1935
2933,106.14,60.9097,28.1935
2934,106.14,60.9097,28.1935
2935,106.14,60.9097,28.1935
2936,106.14,60.9097,28.1935
2937,106.14,60.9097,28.1935
2938,106.14,60.9097,28.1935
2939,106.14,60.9097,28.1935
2940,106.14,60.9097,28.1935
2941,106.14,60.9097,28.1935
2942,106.14,60.9097,28.1935
2943,106.14,60.9097,28.1935
2944,106.14,60.9097,28.1935
2945,106.14,60.9097,28.1935
2946,106.14,60.9097,28.1935
2947,106.14,60.9097,28.1935
2948,106.14,60.9097,28.1935
2949,106.14,60.9097,28.1935
2950,106.14,60.9097,28.1935
2951,106.14,60.9097,28.1935
2952,106.14,60.9097,28.1935
2953,106.14,60.9097,28.1935
2954,106.14,60.9097,28.1935
2955,106.14,60.9097,28.1935
2956,106.14,60.9097,28.1935
2957,106.14,60.9097,28.1935
2958,106.14,60.9097,28.1935
2959,106.14,60.9097,28.1935
2960,106.14,60.9097,28.1935
2961,106.14,60.9097,28.1935
2962,106.14,60.9097,28.1935
2963,106.14,60.9097,28.1935
2964,106.14,60.9097,28.1935
2965,106.14,60.9097,28.1935
2966,106.14,60.9097,28.1935
2967,106.14,60.9097,28.1935
2968,106.14,60.9097,28.1935
2969,106.14,60.9097,28.1935
2970,106.14,60.9097,28.1935
2971,106.14,60.9097,28.1935
2972,106.14,60.9097,28.1935
2973,106.14,60.9097,28.1935
2974,106.14,60.9097,28.1935
2975,106.14,60.9097,28.1935
2976,106.14,60.9097,28.1935
2977,106.14,60.9097,28.1935
2978,106.14,60.9097,28.1935
2979,106.14,60.9097,28.1935
2980,106.14,60.9097,28.1935
2981,106.14,60.9097,28.1935
2982,106.14,60.9097,28.1935
2983,106.14,60.9097,28.1935
2984,106.14,60.9097,28.1935
2985,106.14,60.9097,28.1935
2986,106.14,60.9097,28.1935
2987,106.14,60.9097,28.1935
2988,106.14,60.9097,28.1935
2989,106.14,60.9097,28.1935
2990,106.14,60.9097,28.1935
2991,106.14,60.9097,28.1935
2992,106.14,60.9097,28.1935
2993,106.14,60.9097,28.1935
2994,106.14,60.9097,28.1935
2995,106.14,60.9097,28.1935
2996,106.14,60.9097,28.1935
2997,106.14,60.9097,28.1935
2998,106.14,60.9097,28.1935
2999,106.14,60.9097,28.1935
3000,106.14,60.9097,28.1935
3001,106.14,60.9097,28.1935
3002,106.14,60.9097,28.1935
3003,106.14,60.9097,28.1935
3004,106.14,60.9097,28.1935
3005,106.14,60.9097,28.1935
3006,106.14,60.9097,28.1935
3007,106.14,60.9097,28.1935
3008,106.14,60.9097,28.1935
3009,106.14,60.9097,28.1935
3010,106.14,60.9097,28.1935
3011,106.14,60.9097,28.1935
3012,106.14,60.9097,28.1935
3013,106.14,60.9097,28.1935
3014,106.14,60.9097,28.1935
3015,106.14,60.9097,28.1935
3016,106.14,60.9097,28.1935
3017,106.14,60.9097,28.1935
3018,106.14,60.9097,28.1935
3019,106.14,60.9097,28.1935
3020,106.14,60.9097,28.1935
3021,106.14,60.9097,28.1935
3022,106.14,60.9097,28.1935
3023,106.14,60.9097,28.1935
3024,106.14,60.9097,28.1935
3025,106.14,60.9097,28.1935
3026,106.14,60.9097,28.1935
3027,106.14,60.9097,28.1935
3028,106.14,60.9097,28.1935
3029,106.14,60.9097,28.1935
3030,106.14,60.9097,28.1935
3031,106.14,60.9097,28.1935
3032,106.14,60.9097,28.1935
3033,106.14,60.9097,28.1935
3034,106.14,60.9097,28.1935
3035,106.14,60.9097,28.1935
3036,106.14,60.9097,28.1935
3037,106.14,60.9097,28.1935
3038,106.14,60.9097,28.1935
3039,106.14,60.9097,28.1935
3040,106.14,60.9097,28.1935
3041,106.14,60.9097,28.1935
3042,106.14,60.9097,28.1935
3043,106.14,60.9097,28.1935
3044,106.14,60.9097,28.1935
3045,106.14,60.9097,28.1935
3046,106.14,60.9097,28.1935
3047,106.14,60.9097,28.1935
3048,106.14,60.9097,28.1935
3049,106.14,60.9097,28.1935
3050,106.14,60.9097,28.1935
3051,106.14,60.9097,28.1935
3052,106.14,60.9097,28.1935
3053,106.14,60.9097,28.1935
3054,106.14,60.9097,28.1935
3055,106.14,60.9097,28.1935
3056,106.14,60.9097,28.1935
3057,106.14,60.9097,28.1935
3058,106.14,60.9097,28.1935
3059,106.14,60.9097,28.1935
3060,106.14,60.9097,28.1935
3061,106.14,60.9097,28.1935
3062,106.14,60.9097,28.1935
3063,106.14,60.9097,28.1935
3064,106.14,60.9097,28.1935
3065,106.14,60.9097,28.1935
3066,106.14,60.9097,28.1935
3067,106.14,60.9097,28.1935
3068,106.14,60.9097,28.1935
3069,106.14,60.9097,28.1935
3070,106.14,60.9097,28.1935
3071,106.14,60.9097,28.1935
3072,106.14,60.9097,28.1935
3073,106.14,60.9097,28.1935
3074,106.14,60.9097,28.1935
3075,106.14,60.9097,28.1935
3076,106.14,60.9097,28.1935
3077,106.14,60.9097,28.1935
3078,106.14,60.9097,28.1935
3079,106.14,60.9097,28.1935
3080,106.14,60.9097,28.1935
3081,106.14,60.9097,28.1935
3082,106.14,60.9097,28.1935
3083,106.14,60.9097,28.1935
3084,106.14,60.9097,28.1935
3085,106.14,60.9097,28.1935
3086,106.14,60.9097,28.1935
3087,106.14,60.9097,28.1935
3088,106.14,60.9097,28.1935
3089,106.14,60.9097,28.1935
3090,106.14,60.9097,28.1935
3091,106.14,60.9097,28.1935
3092,106.14,60.9097,28.1935
3093,106.14,60.9097,28.1935
3094,106.14,60.9097,28.1935
3095,106.14,60.9097,28.1935
3096,106.14,60.9097,28.1935
3097,106.14,60.9097,28.1935
3098,106.14,60.9097,28.1935
3099,106.14,60.9097,28.1935
3100,106.14,60.9097,28.1935
3101,106.14,60.9097,28.1935
3102,106.14,60.9097,28.1935
3103,106.14,60.9097,28.1935
3104,106.14,60.9097,28.1935
3105,106.14,60.9097,28.1935
3106,106.14,60.9097,28.1935
3107,106.14,60.9097,28.1935
3108,106.14,60.9097,28.1935
3109,106.14,60.9097,28.1935
3110,106.14,60.9097,28.1935
3111,106.14,60.9097,28.1935
3112,106.14,60.9097,28.1935
3113,106.14,60.9097,28.1935
3114,106.14,60.9097,28.1935
3115,106.14,60.9097,28.1935
3116,106.14,60.9097,28.1935
3117,106.14,60.9097,28.1935
3118,106.14,60.9097,28.1935
3119,106.14,60.9097,28.1935
3120,106.14,60.9097,28.1935
3121,106.14,60.9097,28.1935
3122,106.14,60.9097,28.1935
3123,106.14,60.9097,28.1935
3124,106.14,60.9097,28.1935
3125,106.14,60.9097,28.1935
3126,106.14,60.9097,28.1935
3127,106.14,60.9097,28.1935
3128,106.14,60.9097,28.1935
3129,106.14,60.9097,28.1935
3130,106.14,60.9097,28.1935
3131,106.14,60.9097,28.1935
3132,106.14,60.9097,28.1935
3133,106.14,60.9097,28.1935
3134,106.14,60.9097,28.1935
3135,106.14,60.9097,28.1935
3136,106.14,60.9097,28.1935
3137,106.14,60.9097,28.1935
3138,106.14,60.9097,28.1935
3139,106.14,60.9097,28.1935
3140,106.14,60.9097,28.1935
3141,106.14,60.9097,28.1935
3142,106.14,60.9097,28.1935
3143,106.14,60.9097,28.1935
3144,106.14,60.9097,28.1935
3145,106.14,60.9097,28.1935
3146,106.14,60.9097,28.1935
3147,106.14,60.9097,28.1935
3148,106.14,60.9097,28.1935
3149,106.14,60.9097,28.1935
3150,106.14,60.9097,28.1935
3151,106.14,60.9097,28.1935
3152,106.14,60.9097,28.1935
3153,106.14,60.9097,28.1935
3154,106.14,60.9097,28.1935
3155,106.14,60.9097,28.1935
3156,106.14,60.9097,28.1935
3157,106.14,60.9097,28.1935
3158,106.14,60.9097,28.1935
3159,106.14,60.9097,28.1935
3160,106.14,60.9097,28.1935
3161,106.14,60.9097,28.1935
3162,106.14,60.9097,28.1935
3163,106.14,60.9097,28.1935
3164,106.14,60.9097,28.1935
3165,106.14,60.9097,28.1935
3166,106.14,60.9097,28.1935
3167,106.14,60.9097,28.1935
3168,106.14,60.9097,28.1935
3169,106.14,60.9097,28.1935
3170,106.14,60.9097,28.1935
3171,106.14,60.9097,28.1935
3172,106.14,60.9097,28.1935
3173,106.14,60.9097,28.1935
3174,106.14,60.9097,28.1935
3175,106.14,60.9097,28.1935
3176,106.14,60.9097,28.1935
3177,106.14,60.9097,28.1935
3178,106.14,60.9097,28.1935
3179,106.14,60.9097,28.1935
3180,106.14,60.9097,28.1935
3181,106.14,60.9097,28.1935
3182,106.14,60.9097,28.1935
3183,106.14,60.9097,28.1935
3184,106.14,60.9097,28.1935
3185,106.14,60.9097,28.1935
3186,106.14,60.9097,28.1935
3187,106.14,60.9097,28.1935
3188,106.14,60.9097,28.1935
3189,106.14,60.9097,28.1935
3190,106.14,60.9097,28.1935
3191,106.14,60.9097,28.1935
3192,106.14,60.9097,28.1935
3193,106.14,60.9097,28.1935
3194,106.14,60.9097,28.1935
3195,106.14,60.9097,28.1935
3196,106.14,60.9097,28.1935
3197,106.14,60.9097,28.1935
3198,106.14,60.9097,28.1935
3199,106.14,60.9097,28.1935
3200,106.14,60.9097,28.1935
3201,106.14,60.9097,28.1935
3202,106.14,60.9097,28.1935
3203,106.14,60.9097,28.1935
3204,106.14,60.9097,28.1935
3205,106.14,60.9097,28.1935
3206,106.14,60.9097,28.1935
3207,106.14,60.9097,28.1935
3208,106.14,60.9097,28.1935
3209,106.14,60.9097,28.1935
3210,106.14,60.9097,28.1935
3211,106.14,60.9097,28.1935
3212,106.14,60.9097,28.1935
3213,106.14,60.9097,28.1935
3214,106.14,60.9097,28.1935
3215,106.14,60.9097,28.1935
3216,106.14,60.9097,28.1935
3217,106.14,60.9097,28.1935
3218,106.14,60.9097,28.1935
3219,106.14,60.9097,28.1935
3220,106.14,60.9097,28.1935
3221,106.14,60.9097,28.1935
3222,106.14,60.9097,28.1935
3223,106.14,60.9097,28.1935
3224,106.14,60.9097,28.1935
3225,106.14,60.9097,28.1935
3226,106.14,60.9097,28.1935
3227,106.14,60.9097,28.1935
3228,106.14,60.9097,28.1935
3229,106.14,60.9097,28.1935
3230,106.14,60.9097,28.1935
3231,106.14,60.9097,28.1935
3232,106.14,60.9097,28.1935
3233,106.14,60.9097,28.1935
3234,106.14,60.9097,28.1935
3235,106.14,60.9097,28.1935
3236,106.14,60.9097,28.1935
3237,106.14,60.9097,28.1935
3238,106.14,60.9097,28.1935
3239,106.14,60.9097,28.1935
3240,106.14,60.9097,28.1935
3241,106.14,60.9097,28.1935
3242,106.14,60.9097,28.1935
3243,106.14,60.9097,28.1935
3244,106.14,60.9097,28.1935
3245,106.14,60.9097,28.1935
3246,106.14,60.9097,28.1935
3247,106.14,60.9097,28.1935
3248,106.14,60.9097,28.1935
3249,106.14,60.9097,28.1935
3250,106.14,60.9097,28.1935
3251,106.14,60.9097,28.1935
3252,106.14,60.9097,28.1935
3253,106.14,60.9097,28.1935
3254,106.14,60.9097,28.1935
3255,106.14,60.9097,28.1935
3256,106.14,60.9097,28.1935
3257,106.14,60.9097,28.1935
3258,106.14,60.9097,28.1935
3259,106.14,60.9097,28.1935
3260,106.14,60.9097,28.1935
3261,106.14,60.9097,28.1935
3262,106.14,60.9097,28.1935
3263,106.14,60.9097,28.1935
3264,106.14,60.9097,28.1935
3265,106.14,60.9097,28.1935
3266,106.14,60.9097,28.1935
3267,106.14,60.9097,28.1935
3268,106.14,60.9097,28.1935
3269,106.14,60.9097,28.1935
3270,106.14,60.9097,28.1935
3271,106.14,60.9097,28.1935
3272,106.14,60.9097,28.1935
3273,106.14,60.9097,28.1935
3274,106.14,60.9097,28.1935
3275,106.14,60.9097,28.1935
3276,106.14,60.9097,28.1935
3277,106.14,60.9097,28.1935
3278,106.14,60.9097,28.1935
3279,106.14,60.9097,28.1935
3280,106.14,60.9097,28.1935
3281,106.14,60.9097,28.1935
3282,106.14,60.9097,28.1935
3283,106.14,60.9097,28.1935
3284,106.14,60.9097,28.1935
3285,106.14,60.9097,28.1935
3286,106.14,60.9097,28.1935
3287,106.14,60.9097,28.1935
3288,106.14,60.9097,28.1935
3289,106.14,60.9097,28.1935
3290,106.14,60.9097,28.1935
3291,106.14,60.9097,28.1935
3292,106.14,60.9097,28.1935
3293,106.14,60.9097,28.1935
3294,106.14,60.9097,28.1935
3295,106.14,60.9097,28.1935
3296,106.14,60.9097,28.1935
3297,106.14,60.9097,28.1935
3298,106.14,60.9097,28.1935
3299,106.14,60.9097,28.1935
3300,106.14,60.9097,28.1935
3301,106.14,60.9097,28.1935
3302,106.14,60.9097,28.1935
3303,106.14,60.9097,28.1935
3304,106.14,60.9097,28.1935
3305,106.14,60.9097,28.1935
3306,106.14,60.9097,28.1935
3307,106.14,60.9097,28.1935
3308,106.14,60.9097,28.1935
3309,106.14,60.9097,28.1935
3310,106.14,60.9097,28.1935
3311,106.14,60.9097,28.1935
3312,106.14,60.9097,28.1935
3313,106.14,60.9097,28.1935
3314,106.14,60.9097,28.1935
3315,106.14,60.9097,28.1935
3316,106.14,60.9097,28.1935
3317,106.14,60.9097,28.1935
3318,106.14,60.9097,28.1935
3319,106.14,60.9097,28.1935
3320,106.14,60.9097,28.1935
3321,106.14,60.9097,28.1935
3322,106.14,60.9097,28.1935
3323,106.14,60.9097,28.1935
3324,106.14,60.9097,28.1935
3325,106.14,60.9097,28.1935
3326,106.14,60.9097,28.1935
3327,106.14,60.9097,28.1935
3328,106.14,60.9097,28.1935
3329,106.14,60.9097,28.1935
3330,106.14,60.9097,28.1935
3331,106.14,60.9097,28.1935
3332,106.14,60.9097,28.1935
3333,106.14,60.9097,28.1935
3334,106.14,60.9097,28.1935
3335,106.14,60.9097,28.1935
3336,106.14,60.9097,28.1935
3337,106.14,60.9097,28.1935
3338,106.14,60.9097,28.1935
3339,106.14,60.9097,28.1935
3340,106.14,60.9097,28.1935
3341,106.14,60.9097,28.1935
3342,106.14,60.9097,28.1935
3343,106.14,60.9097,28.1935
3344,106.14,60.9097,28.1935
3345,106.14,60.9097,28.1935
3346,106.14,60.9097,28.1935
3347,106.14,60.9097,28.1935
3348,106.14,60.9097,28.1935
3349,106.14,60.9097,28.1935
3350,106.14,60.9097,28.1935
3351,106.14,60.9097,28.1935
3352,106.14,60.9097,28.1935
3353,106.14,60.9097,28.1935
3354,106.14,60.9097,28.1935
3355,106.14,60.9097,28.1935
3356,106.14,60.9097,28.1935
3357,106.14,60.9097,28.1935
3358,106.14,60.9097,28.1935
3359,106.14,60.9097,28.1935
3360,106.14,60.9097,28.1935
3361,106.14,60.9097,28.1935
3362,106.14,60.9097,28.1935
3363,106.14,60.9097,28.1935
3364,106.14,60.9097,28.1935
3365,106.14,60.9097,28.1935
3366,106.14,60.9097,28.1935
3367,106.14,60.9097,28.1935
3368,106.14,60.9097,28.1935
3369,106.14,60.9097,28.1935
3370,106.14,60.9097,28.1935
3371,106.14,60.9097,28.1935
3372,106.14,60.9097,28.1935
3373,106.14,60.9097,28.1935
3374,106.14,60.9097,28.1935
3375,106.14,60.9097,28.1935
3376,106.14,60.9097,28.1935
3377,106.14,60.9097,28.1935
3378,106.14,60.9097,28.1935
3379,106.14,60.9097,28.1935
3380,106.14,60.9097,28.1935
3381,106.14,60.9097,28.1935
3382,106.14,60.9097,28.1935
3383,106.14,60.9097,28.1935
3384,106.14,60.9097,28.1935
3385,106.14,60.9097,28.1935
3386,106.14,60.9097,28.1935
3387,106.14,60.9097,28.1935
3388,106.14,60.9097,28.1935
3389,106.14,60.9097,28.1935
3390,106.14,60.9097,28.1935
3391,106.14,60.9097,28.1935
3392,106.14,60.9097,28.1935
3393,106.14,60.9097,28.1935
3394,106.14,60.9097,28.1935
3395,106.14,60.9097,28.1935
3396,106.14,60.9097,28.1935
3397,106.14,60.9097,28.1935
3398,106.14,60.9097,28.1935
3399,106.14,60.9097,28.1935
3400,106.14,60.9097,28.1935
3401,106.14,60.9097,28.1935
3402,106.14,60.9097,28.1935
3403,106.14,60.9097,28.1935
3404,106.14,60.9097,28.1935
3405,106.14,60.9097,28.1935
3406,106.14,60.9097,28.1935
3407,106.14,60.9097,28.1935
3408,106.14,60.9097,28.1935
3409,106.14,60.9097,28.1935
3410,106.14,60.9097,28.1935
3411,106.14,60.9097,28.1935
3412,106.14,60.9097,28.1935
3413,106.14,60.9097,28.1935
3414,106.14,60.9097,28.1935
3415,106.14,60.9097,28.1935
3416,106.14,60.9097,28.1935
3417,106.14,60.9097,28.1935
3418,106.14,60.9097,28.1935
3419,106.14,60.9097,28.1935
3420,106.14,60.9097,28.1935
3421,106.14,60.9097,28.1935
3422,106.14,60.9097,28.1935
3423,106.14,60.9097,28.1935
3424,106.14,60.9097,28.1935
3425,106.14,60.9097,28.1935
3426,106.14,60.9097,28.1935
3427,106.14,60.9097,28.1935
3428,106.14,60.9097,28.1935
3429,106.14,60.9097,28.1935
3430,106.14,60.9097,28.1935
3431,106.14,60.9097,28.1935
3432,106.14,60.9097,28.1935
3433,106.14,60.9097,28.1935
3434,106.14,60.9097,28.1935
3435,106.14,60.9097,28.1935
3436,106.14,60.9097,28.1935
3437,106.14,60.9097,28.1935
3438,106.14,60.9097,28.1935
3439,106.14,60.9097,28.1935
3440,106.14,60.9097,28.1935
3441,106.14,60.9097,28.1935
3442,106.14,60.9097,28.1935
3443,106.14,60.9097,28.1935
3444,106.14,60.9097,28.1935
3445,106.14,60.9097,28.1935
3446,106.14,60.9097,28.1935
3447,106.14,60.9097,28.1935
3448,106.14,60.9097,28.1935
3449,106.14,60.9097,28.1935
3450,106.14,60.9097,28.1935
3451,106.14,60.9097,28.1935
3452,106.14,60.9097,28.1935
3453,106.14,60.9097,28.1935
3454,106.14,60.9097,28.1935
3455,106.14,60.9097,28.1935
3456,106.14,60.9097,28.1935
3457,106.14,60.9097,28.1935
3458,106.14,60.9097,28.1935
3459,106.14,60.9097,28.1935
3460,106.14,60.9097,28.1935
3461,106.14,60.9097,28.1935
3462,106.14,60.9097,28.1935
3463,106.14,60.9097,28.1935
3464,106.14,60.9097,28.1935
3465,106.14,60.9097,28.1935
3466,106.14,60.9097,28.1935
3467,106.14,60.9097,28.1935
3468,106.14,60.9097,28.1935
3469,106.14,60.9097,28.1935
3470,106.14,60.9097,28.1935
3471,106.14,60.9097,28.1935
3472,106.14,60.9097,28.1935
3473,106.14,60.9097,28.1935
3474,106.14,60.9097,28.1935
3475,106.14,60.9097,28.1935
3476,106.14,60.9097,28.1935
3477,106.14,60.9097,28.1935
3478,106.14,60.9097,28.1935
3479,106.14,60.9097,28.1935
3480,106.14,60.9097,28.1935
3481,106.14,60.9097,28.1935
3482,106.14,60.9097,28.1935
3483,106.14,60.9097,28.1935
3484,106.14,60.9097,28.1935
3485,106.14,60.9097,28.1935
3486,106.14,60.9097,28.1935
3487,106.14,60.9097,28.1935
3488,106.14,60.9097,28.1935
3489,106.14,60.9097,28.1935
3490,106.14,60.9097,28.1935
3491,106.14,60.9097,28.1935
3492,106.14,60.9097,28.1935
3493,106.14,60.9097,28.1935
3494,106.14,60.9097,28.1935
3495,106.14,60.9097,28.1935
3496,106.14,60.9097,28.1935
3497,106.14,60.9097,28.1935
3498,106.14,60.9097,28.1935
3499,106.14,60.9097,28.1935
3500,106.14,60.9097,28.1935
3501,106.14,60.9097,28.1935
3502,106.14,60.9097,28.1935
3503,106.14,60.9097,28.1935
3504,106.14,60.9097,28.1935
3505,106.14,60.9097,28.1935
3506,106.14,60.9097,28.1935
3507,106.14,60.9097,28.1935
3508,106.14,60.9097,28.1935
3509,106.14,60.9097,28.1935
3510,106.14,60.9097,28.1935
3511,106.14,60.9097,28.1935
3512,106.14,60.9097,28.1935
3513,106.14,60.9097,28.1935
3514,106.14,60.9097,28.1935
3515,106.14,60.9097,28.1935
3516,106.14,60.9097,28.1935
3517,106.14,60.9097,28.1935
3518,106.14,60.9097,28.1935
3519,106.14,60.9097,28.1935
3520,106.14,60.9097,28.1935
3521,106.14,60.9097,28.1935
3522,106.14,60.9097,28.1935
3523,106.14,60.9097,28.1935
3524,106.14,60.9097,28.1935
3525,106.14,60.9097,28.1935
3526,106.14,60.9097,28.1935
3527,106.14,60.9097,28.1935
3528,106.14,60.9097,28.1935
3529,106.14,60.9097,28.1935
3530,106.14,60.9097,28.1935
3531,106.14,60.9097,28.1935
3532,106.14,60.9097,28.1935
3533,106.14,60.9097,28.1935
3534,106.14,60.9097,28.1935
3535,106.14,60.9097,28.1935
3536,106.14,60.9097,28.1935
3537,106.14,60.9097,28.1935
3538,106.14,60.9097,28.1935
3539,106.14,60.9097,28.1935
3540,106.14,60.9097,28.1935
3541,106.14,60.9097,28.1935
3542,106.14,60.9097,28.1935
3543,106.14,60.9097,28.1935
3544,106.14,60.9097,28.1935
3545,106.14,60.9097,28.1935
3546,106.14,60.9097,28.1935
3547,106.14,60.9097,28.1935
3548,106.14,60.9097,28.1935
3549,106.14,60.9097,28.1935
3550,106.14,60.9097,28.1935
3551,106.14,60.9097,28.1935
3552,106.14,60.9097,28.1935
3553,106.14,60.9097,28.1935
3554,106.14,60.9097,28.1935
3555,106.14,60.9097,28.1935
3556,106.14,60.9097,28.1935
3557,106.14,60.9097,28.1935
3558,106.14,60.9097,28.1935
3559,106.14,60.9097,28.1935
3560,106.14,60.9097,28.1935
3561,106.14,60.9097,28.1935
3562,106.14,60.9097,28.1935
3563,106.14,60.9097,28.1935
3564,106.14,60.9097,28.1935
3565,106.14,60.9097,28.1935
3566,106.14,60.9097,28.1935
3567,106.14,60.9097,28.1935
3568,106.14,60.9097,28.1935
3569,106.14,60.9097,28.1935
3570,106.14,60.9097,28.1935
3571,106.14,60.9097,28.1935
3572,106.14,60.9097,28.1935
3573,106.14,60.9097,28.1935
3574,106.14,60.9097,28.1935
3575,106.14,60.9097,28.1935
3576,106.14,60.9097,28.1935
3577,106.14,60.9097,28.1935
3578,106.14,60.9097,28.1935
3579,106.14,60.9097,28.1935
3580,106.14,60.9097,28.1935
3581,106.14,60.9097,28.1935
3582,106.14,60.9097,28.1935
3583,106.14,60.9097,28.1935
3584,106.14,60.9097,28.1935
3585,106.14,60.9097,28.1935
3586,106.14,60.9097,28.1935
3587,106.14,60.9097,28.1935
3588,106.14,60.9097,28.1935
3589,106.14,60.9097,28.1935
3590,106.14,60.9097,28.1935
3591,106.14,60.9097,28.1935
3592,106.14,60.9097,28.1935
3593,106.14,60.9097,28.1935
3594,106.14,60.9097,28.1935
3595,106.14,60.9097,28.1935
3596,106.14,60.9097,28.1935
3597,106.14,60.9097,28.1935
3598,106.14,60.9097,28.1935
3599,106.14,60.9097,28.1935
3600,106.14,60.9097,28.1935
3601,106.14,60.9097,28.1935
3602,106.14,60.9097,28.1935
3603,106.14,60.9097,28.1935
3604,106.14,60.9097,28.1935
3605,106.14,60.9097,28.1935
3606,106.14,60.9097,28.1935
3607,106.14,60.9097,28.1935
3608,106.14,60.9097,28.1935
3609,106.14,60.9097,28.1935
3610,106.14,60.9097,28.1935
3611,106.14,60.9097,28.1935
3612,106.14,60.9097,28.1935
3613,106.14,60.9097,28.1935
3614,106.14,60.9097,28.1935
3615,106.14,60.9097,28.1935
3616,106.14,60.9097,28.1935
3617,106.14,60.9097,28.1935
3618,106.14,60.9097,28.1935
3619,106.14,60.9097,28.1935
3620,106.14,60.9097,28.1935
3621,106.14,60.9097,28.1935
3622,106.14,60.9097,28.1935
3623,106.14,60.9097,28.1935
3624,106.14,60.9097,28.1935
3625,114.917,65.2078,32.9656
3626,114.917,65.2078,32.9656
3627,114.917,65.2078,32.9656
3628,114.917,65.2078,32.9656
3629,114.917,65.2078,32.9656
3630,114.917,65.2078,32.9656
3631,114.917,65.2078,32.9656
3632,114.917,65.2078,32.9656
3633,114.917,65.2078,32.9656
3634,114.917,65.2078,32.9656
3635,114.917,65.2078,32.9656
3636,114.917,65.2078,32.9656
3637,114.917,65.2078,32.9656
3638,114.917,65.2078,32.9656
3639,114.917,65.2078,32.9656
3640,114.917,65.2078,32.9656
3641,114.917,65.2078,32.9656
3642,114.917,65.2078,32.9656
3643,114.917,65.2078,32.9656
3644,114.917,65.2078,32.9656
3645,114.917,65.2078,32.9656
3646,114.917,65.2078,32.9656
3647,114.917,65.2078,32.9656
3648,114.917,65.2078,32.9656
3649,114.917,65.2078,32.9656
3650,114.917,65.2078,32.9656
3651,114.917,65.2078,32.9656
3652,114.917,65.2078,32.9656
3653,114.917,65.2078,32.9656
3654,114.917,65.2078,32.9656
3655,114.917,65.2078,32.9656
3656,114.917,65.2078,32.9656
3657,114.917,65.2078,32.9656
3658,114.917,65.2078,32.9656
3659,114.917,65.2078,32.9656
3660,114.917,65.2078,32.9656
3661,114.917,65.2078,32.9656
3662,114.917,65.2078,32.9656
3663,114.917,65.2078,32.9656
3664,114.917,65.2078,32.9656
3665,114.917,65.2078,32.9656
3666,114.917,65.2078,32.9656
3667,114.917,65.2078,32.9656
3668,114.917,65.2078,32.9656
3669,114.917,65.2078,32.9656
3670,114.917,65.2078,32.9656
3671,114.917,65.2078,32.9656
3672,114.917,65.2078,32.9656
3673,114.917,65.2078,32.9656
3674,114.917,65.2078,32.9656
3675,114.917,65.2078,32.9656
3676,114.917,65.2078,32.9656
3677,114.917,65.2078,32.9656
3678,114.917,65.2078,32.9656
3679,114.917,65.2078,32.9656
3680,114.917,65.2078,32.9656
3681,114.917,65.2078,32.9656
3682,114.917,65.2078,32.9656
3683,114.917,65.2078,32.9656
3684,114.917,65.2078,32.9656
3685,114.917,65.2078,32.9656
3686,114.917,65.2078,32.9656
3687,114.917,65.2078,32.9656
3688,114.917,65.2078,32.9656
3689,114.917,65.2078,32.9656
3690,114.917,65.2078,32.9656
3691,114.917,65.2078,32.9656
3692,114.917,65.2078,32.9656
3693,114.917,65.2078,32.9656
3694,114.917,65.2078,32.9656
3695,114.917,65.2078,32.9656
3696,114.917,65.2078,32.9656
3697,114.917,65.2078,32.9656
3698,114.917,65.2078,32.9656
3699,114.917,65.2078,32.9656
3700,114.917,65.2078,32.9656
3701,114.917,65.2078,32.9656
3702,114.917,65.2078,32.9656
3703,114.917,65.2078,32.9656
3704,114.917,65.2078,32.9656
3705,114.917,65.2078,32.9656
3706,114.917,65.2078,32.9656
3707,114.917,65.2078,32.9656
3708,114.917,65.2078,32.9656
3709,114.917,65.2078,32.9656
3710,114.917,65.2078,32.9656
3711,114.917,65.2078,32.9656
3712,114.917,65.2078,32.9656
3713,114.917,65.2078,32.9656
3714,114.917,65.2078,32.9656
3715,114.917,65.2078,32.9656
3716,114.917,65.2078,32.9656
3717,114.917,65.2078,32.9656
3718,114.917,65.2078,32.9656
3719,114.917,65.2078,32.9656
3720,114.917,65.2078,32.9656
3721,114.917,65.2078,32.9656
3722,114.917,65.2078,32.9656
3723,114.917,65.2078,32.9656
3724,114.917,65.2078,32.9656
3725,114.917,65.2078,32.9656
3726,114.917,65.2078,32.9656
3727,114.917,65.2078,32.9656
3728,114.917,65.2078,32.9656
3729,114.917,65.2078,32.9656
3730,114.917,65.2078,32.9656
3731,114.917,65.2078,32.9656
3732,114.917,65.2078,32.9656
3733,114.917,65.2078,32.9656
3734,114.917,65.2078,32.9656
3735,114.917,65.2078,32.9656
3736,114.917,65.2078,32.9656
3737,114.917,65.2078,32.9656
3738,114.917,65.2078,32.9656
3739,114.917,65.2078,32.9656
3740,114.917,65.2078,32.9656
3741,114.917,65.2078,32.9656
3742,114.917,65.2078,32.9656
3743,114.917,65.2078,32.9656
3744,114.917,65.2078,32.9656
3745,114.917,65.2078,32.9656
3746,114.917,65.2078,32.9656
3747,114.917,65.2078,32.9656
3748,114.917,65.2078,32.9656
3749,114.917,65.2078,32.9656
3750,114.917,65.2078,32.9656
3751,114.917,65.2078,32.9656
3752,114.917,65.2078,32.9656
3753,114.917,65.2078,32.9656
3754,114.917,65.2078,32.9656
3755,114.917,65.2078,32.9656
3756,114.917,65.2078,32.9656
3757,114.917,65.2078,32.9656
3758,114.917,65.2078,32.9656
3759,114.917,65.2078,32.9656
3760,114.917,65.2078,32.9656
3761,114.917,65.2078,32.9656
3762,114.917,65.2078,32.9656
3763,114.917,65.2078,32.9656
3764,114.917,65.2078,32.9656
3765,114.917,65.2078,32.9656
3766,114.917,65.2078,32.9656
3767,114.917,65.2078,32.9656
3768,114.917,65.2078,32.9656
3769,114.917,65.2078,32.9656
3770,114.917,65.2078,32.9656
3771,114.917,65.2078,32.9656
3772,114.917,65.2078,32.9656
3773,114.917,65.2078,32.9656
3774,114.917,65.2078,32.9656
3775,114.917,65.2078,32.9656
3776,114.917,65.2078,32.9656
3777,114.917,65.2078,32.9656
3778,114.917,65.2078,32.9656
3779,114.917,65.2078,32.9656
3780,114.917,65.2078,32.9656
3781,114.917,65.2078,32.9656
3782,114.917,65.2078,32.9656
3783,114.917,65.2078,32.9656
3784,114.917,65.2078,32.9656
3785,114.917,65.2078,32.9656
3786,114.917,65.2078,32.9656
3787,114.917,65.2078,32.9656
3788,114.917,65.2078,32.9656
3789,114.917,65.2078,32.9656
3790,114.917,65.2078,32.9656
3791,114.917,65.2078,32.9656
3792,114.917,65.2078,32.9656
3793,114.917,65.2078,32.9656
3794,114.917,65.2078,32.9656
3795,114.917,65.2078,32.9656
3796,114.917,65.2078,32.9656
3797,114.917,65.2078,32.9656
3798,114.917,65.2078,32.9656
3799,114.917,65.2078,32.9656
3800,114.917,65.2078,32.9656
3801,114.917,65.2078,32.9656
3802,114.917,65.2078,32.9656
3803,114.917,65.2078,32.9656
3804,114.917,65.2078,32.9656
3805,114.917,65.2078,32.9656
3806,114.917,65.2078,32.9656
3807,114.917,65.2078,32.9656
3808,114.917,65.2078,32.9656
3809,114.917,65.2078,32.9656
3810,114.917,65.2078,32.9656
3811,114.917,65.2078,32.9656
3812,114.917,65.2078,32.9656
3813,114.917,65.2078,32.9656
3814,114.917,65.2078,32.9656
3815,114.917,65.2078,32.9656
3816,114.917,65.2078,32.9656
3817,114.917,65.2078,32.9656
3818,114.917,65.2078,32.9656
3819,114.917,65.2078,32.9656
3820,114.917,65.2078,32.9656
3821,114.917,65.2078,32.9656
3822,114.917,65.2078,32.9656
3823,114.917,65.2078,32.9656
3824,114.917,65.2078,32.9656
3825,114.917,65.2078,32.9656
3826,114.917,65.2078,32.9656
3827,114.917,65.2078,32.9656
3828,114.917,65.2078,32.9656
3829,114.917,65.2078,32.9656
3830,114.917,65.2078,32.9656
3831,114.917,65.2078,32.9656
3832,114.917,65.2078,32.9656
3833,114.917,65.2078,32.9656
3834,114.917,65.2078,32.9656
3835,114.917,65.2078,32.9656
3836,114.917,65.2078,32.9656
3837,114.917,65.2078,32.9656
3838,114.917,65.2078,32.9656
3839,114.917,65.2078,32.9656
3840,114.917,65.2078,32.9656
3841,114.917,65.2078,32.9656
3842,114.917,65.2078,32.9656
3843,114.917,65.2078,32.9656
3844,114.917,65.2078,32.9656
3845,114.917,65.2078,32.9656
3846,114.917,65.2078,32.9656
3847,114.917,65.2078,32.9656
3848,114.917,65.2078,32.9656
3849,114.917,65.2078,32.9656
3850,114.917,65.2078,32.9656
3851,114.917,65.2078,32.9656
3852,114.917,65.2078,32.9656
3853,114.917,65.2078,32.9656
3854,114.917,65.2078,32.9656
3855,114.917,65.2078,32.9656
3856,114.917,65.2078,32.9656
3857,114.917,65.2078,32.9656
3858,114.917,65.2078,32.9656
3859,114.917,65.2078,32.9656
3860,114.917,65.2078,32.9656
3861,114.917,65.2078,32.9656
3862,114.917,65.2078,32.9656
3863,114.917,65.2078,32.9656
3864,114.917,65.2078,32.9656
3865,114.917,65.2078,32.9656
3866,114.917,65.2078,32.9656
3867,114.917,65.2078,32.9656
3868,114.917,65.2078,32.9656
3869,114.917,65.2078,32.9656
3870,114.917,65.2078,32.9656
3871,114.917,65.2078,32.9656
3872,114.917,65.2078,32.9656
3873,114.917,65.2078,32.9656
3874,114.917,65.2078,32.9656
3875,114.917,65.2078,32.9656
3876,114.917,65.2078,32.9656
3877,114.917,65.2078,32.9656
3878,114.917,65.2078,32.9656
3879,114.917,65.2078,32.9656
3880,114.917,65.2078,32.9656
3881,114.917,65.2078,32.9656
3882,114.917,65.2078,32.9656
3883,114.917,65.2078,32.9656
3884,114.917,65.2078,32.9656
3885,114.917,65.2078,32.9656
3886,114.917,65.2078,32.9656
3887,114.917,65.2078,32.9656
3888,114.917,65.2078,32.9656
3889,114.917,65.2078,32.9656
3890,114.917,65.2078,32.9656
3891,114.917,65.2078,32.9656
3892,114.917,65.2078,32.9656
3893,114.917,65.2078,32.9656
3894,114.917,65.2078,32.9656
3895,114.917,65.2078,32.9656
3896,114.917,65.2078,32.9656
3897,114.917,65.2078,32.9656
3898,114.917,65.2078,32.9656
3899,114.917,65.2078,32.9656
3900,114.917,65.2078,32.9656
3901,114.917,65.2078,32.9656
3902,114.917,65.2078,32.9656
3903,114.917,65.2078,32.9656
3904,114.917,65.2078,32.9656
3905,114.917,65.2078,32.9656
3906,114.917,65.2078,32.9656
3907,114.917,65.2078,32.9656
3908,114.917,65.2078,32.9656
3909,114.917,65.2078,32.9656
3910,114.917,65.2078,32.9656
3911,114.917,65.2078,32.9656
3912,114.917,65.2078,32.9656
3913,114.917,65.2078,32.9656
3914,114.917,65.2078,32.9656
3915,114.917,65.2078,32.9656
3916,114.917,65.2078,32.9656
3917,114.917,65.2078,32.9656
3918,114.917,65.2078,32.9656
3919,114.917,65.2078,32.9656
3920,114.917,65.2078,32.9656
3921,114.917,65.2078,32.9656
3922,114.917,65.2078,32.9656
3923,114.917,65.2078,32.9656
3924,114.917,65.2078,32.9656
3925,114.917,65.2078,32.9656
3926,114.917,65.2078,32.9656
3927,114.917,65.2078,32.9656
3928,114.917,65.2078,32.9656
3929,114.917,65.2078,32.9656
3930,114.917,65.2078,32.9656
3931,114.917,65.2078,32.9656
3932,114.917,65.2078,32.9656
3933,114.917,65.2078,32.9656
3934,114.917,65.2078,32.9656
3935,114.917,65.2078,32.9656
3936,114.917,65.2078,32.9656
3937,114.917,65.2078,32.9656
3938,114.917,65.2078,32.9656
3939,114.917,65.2078,32.9656
3940,114.917,65.2078,32.9656
3941,114.917,65.2078,32.9656
3942,114.917,65.2078,32.9656
3943,114.917,65.2078,32.9656
3944,114.917,65.2078,32.9656
3945,114.917,65.2078,32.9656
3946,114.917,65.2078,32.9656
3947,114.917,65.2078,32.9656
3948,114.917,65.2078,32.9656
3949,114.917,65.2078,32.9656
3950,114.917,65.2078,32.9656
3951,114.917,65.2078,32.9656
3952,114.917,65.2078,32.9656
3953,114.917,65.2078,32.9656
3954,114.917,65.2078,32.9656
3955,114.917,65.2078,32.9656
3956,114.917,65.2078,32.9656
3957,114.917,65.2078,32.9656
3958,114.917,65.2078,32.9656
3959,114.917,65.2078,32.9656
3960,114.917,65.2078,32.9656
3961,114.917,65.2078,32.9656
3962,114.917,65.2078,32.9656
3963,114.917,65.2078,32.9656
3964,114.917,65.2078,32.9656
3965,114.917,65.2078,32.9656
3966,114.917,65.2078,32.9656
3967,114.917,65.2078,32.9656
3968,114.917,65.2078,32.9656
3969,114.917,65.2078,32.9656
3970,114.917,65.2078,32.9656
3971,114.917,65.2078,32.9656
3972,114.917,65.2078,32.9656
3973,114.917,65.2078,32.9656
3974,114.917,65.2078,32.9656
3975,114.917,65.2078,32.9656
3976,114.917,65.2078,32.9656
3977,114.917,65.2078,32.9656
3978,114.917,65.2078,32.9656
3979,114.917,65.2078,32.9656
3980,114.917,65.2078,32.9656
3981,114.917,65.2078,32.9656
3982,114.917,65.2078,32.9656
3983,114.917,65.2078,32.9656
3984,114.917,65.2078,32.9656
3985,114.917,65.2078,32.9656
3986,114.917,65.2078,32.9656
3987,114.917,65.2078,32.9656
3988,114.917,65.2078,32.9656
3989,114.917,65.2078,32.9656
3990,114.917,65.2078,32.9656
3991,114.917,65.2078,32.9656
3992,114.917,65.2078,32.9656
3993,114.917,65.2078,32.9656
3994,114.917,65.2078,32.9656
3995,114.917,65.2078,32.9656
3996,114.917,65.2078,32.9656
3997,114.917,65.2078,32.9656
3998,114.917,65.2078,32.9656
3999,114.917,65.2078,32.9656
4000,114.917,65.2078,32.9656
4001,114.917,65.2078,32.9656
4002,114.917,65.2078,32.9656
4003,114.917,65.2078,32.9656
4004,114.917,65.2078,32.9656
4005,114.917,65.2078,32.9656
4006,114.917,65.2078,32.9656
4007,114.917,65.2078,32.9656
4008,114.917,65.2078,32.9656
4009,114.917,65.2078,32.9656
4010,114.917,65.2078,32.9656
4011,114.917,65.2078,32.9656
4012,114.917,65.2078,32.9656
4013,114.917,65.2078,32.9656
4014,114.917,65.2078,32.9656
4015,114.917,65.2078,32.9656
4016,114.917,65.2078,32.9656
4017,114.917,65.2078,32.9656
4018,114.917,65.2078,32.9656
4019,114.917,65.2078,32.9656
4020,114.917,65.2078,32.9656
4021,114.917,65.2078,32.9656
4022,114.917,65.2078,32.9656
4023,114.917,65.2078,32.9656
4024,114.917,65.2078,32.9656
4025,114.917,65.2078,32.9656
4026,114.917,65.2078,32.9656
4027,114.917,65.2078,32.9656
4028,114.917,65.2078,32.9656
4029,114.917,65.2078,32.9656
4030,114.917,65.2078,32.9656
4031,114.917,65.2078,32.9656
4032,114.917,65.2078,32.9656
4033,114.917,65.2078,32.9656
4034,114.917,65.2078,32.9656
4035,114.917,65.2078,32.9656
4036,114.917,65.2078,32.9656
4037,114.917,65.2078,32.9656
4038,114.917,65.2078,32.9656
4039,114.917,65.2078,32.9656
4040,114.917,65.2078,32.9656
4041,114.917,65.2078,32.9656
4042,114.917,65.2078,32.9656
4043,114.917,65.2078,32.9656
4044,114.917,65.2078,32.9656
4045,114.917,65.2078,32.9656
4046,114.917,65.2078,32.9656
4047,114.917,65.2078,32.9656
4048,114.917,65.2078,32.9656
4049,114.917,65.2078,32.9656
4050,114.917,65.2078,32.9656
4051,114.917,65.2078,32.9656
4052,114.917,65.2078,32.9656
4053,114.917,65.2078,32.9656
4054,114.917,65.2078,32.9656
4055,114.917,65.2078,32.9656
4056,114.917,65.2078,32.9656
4057,114.917,65.2078,32.9656
4058,114.917,65.2078,32.9656
4059,114.917,65.2078,32.9656
4060,114.917,65.2078,32.9656
4061,114.917,65.2078,32.9656
4062,114.917,65.2078,32.9656
4063,114.917,65.2078,32.9656
4064,114.917,65.2078,32.9656
4065,114.917,65.2078,32.9656
4066,114.917,65.2078,32.9656
4067,114.917,65.2078,32.9656
4068,114.917,65.2078,32.9656
4069,114.917,65.2078,32.9656
4070,114.917,65.2078,32.9656
4071,114.917,65.2078,32.9656
4072,114.917,65.2078,32.9656
4073,114.917,65.2078,32.9656
4074,114.917,65.2078,32.9656
4075,114.917,65.2078,32.9656
4076,114.917,65.2078,32.9656
4077,114.917,65.2078,32.9656
4078,114.917,65.2078,32.9656
4079,114.917,65.2078,32.9656
4080,114.917,65.2078,32.9656
4081,114.917,65.2078,32.9656
4082,114.917,65.2078,32.9656
4083,114.917,65.2078,32.9656
4084,114.917,65.2078,32.9656
4085,114.917,65.2078,32.9656
4086,114.917,65.2078,32.9656
4087,114.917,65.2078,32.9656
4088,114.917,65.2078,32.9656
4089,114.917,65.2078,32.9656
4090,114.917,65.2078,32.9656
4091,114.917,65.2078,32.9656
4092,114.917,65.2078,32.9656
4093,114.917,65.2078,32.9656
4094,114.917,65.2078,32.9656
4095,114.917,65.2078,32.9656
4096,114.917,65.2078,32.9656
4097,114.917,65.2078,32.9656
4098,114.917,65.2078,32.9656
4099,114.917,65.2078,32.9656
4100,114.917,65.2078,32.9656
4101,114.917,65.2078,32.9656
4102,114.917,65.2078,32.9656
4103,114.917,65.2078,32.9656
4104,114.917,65.2078,32.9656
4105,114.917,65.2078,32.9656
4106,114.917,65.2078,32.9656
4107,114.917,65.2078,32.9656
4108,114.917,65.2078,32.9656
4109,114.917,65.2078,32.9656
4110,114.917,65.2078,32.9656
4111,114.917,65.2078,32.9656
4112,114.917,65.2078,32.9656
4113,114.917,65.2078,32.9656
4114,114.917,65.2078,32.9656
4115,114.917,65.2078,32.9656
4116,114.917,65.2078,32.9656
4117,114.917,65.2078,32.9656
4118,114.917,65.2078,32.9656
4119,114.917,65.2078,32.9656
4120,114.917,65.2078,32.9656
4121,114.917,65.2078,32.9656
4122,114.917,65.2078,32.9656
4123,114.917,65.2078,32.9656
4124,114.917,65.2078,32.9656
4125,114.917,65.2078,32.9656
4126,114.917,65.2078,32.9656
4127,114.917,65.2078,32.9656
4128,114.917,65.2078,32.9656
4129,114.917,65.2078,32.9656
4130,114.917,65.2078,32.9656
4131,114.917,65.2078,32.9656
4132,114.917,65.2078,32.9656
4133,114.917,65.2078,32.9656
4134,114.917,65.2078,32.9656
4135,114.917,65.2078,32.9656
4136,114.917,65.2078,32.9656
4137,114.917,65.2078,32.9656
4138,114.917,65.2078,32.9656
4139,114.917,65.2078,32.9656
4140,114.917,65.2078,32.9656
4141,114.917,65.2078,32.9656
4142,114.917,65.2078,32.9656
4143,114.917,65.2078,32.9656
4144,114.917,65.2078,32.9656
4145,114.917,65.2078,32.9656
4146,114.917,65.2078,32.9656
4147,114.917,65.2078,32.9656
4148,114.917,65.2078,32.9656
4149,114.917,65.2078,32.9656
4150,114.917,65.2078,32.9656
4151,114.917,65.2078,32.9656
4152,114.917,65.2078,32.9656
4153,114.917,65.2078,32.9656
4154,114.917,65.2078,32.9656
4155,114.917,65.2078,32.9656
4156,114.917,65.2078,32.9656
4157,114.917,65.2078,32.9656
4158,114.917,65.2078,32.9656
4159,114.917,65.2078,32.9656
4160,114.917,65.2078,32.9656
4161,114.917,65.2078,32.9656
4162,114.917,65.2078,32.9656
4163,114.917,65.2078,32.9656
4164,114.917,65.2078,32.9656
4165,114.917,65.2078,32.9656
4166,114.917,65.2078,32.9656
4167,114.917,65.2078,32.9656
4168,114.917,65.2078,32.9656
4169,114.917,65.2078,32.9656
4170,114.917,65.2078,32.9656
4171,114.917,65.2078,32.9656
4172,114.917,65.2078,32.9656
4173,114.917,65.2078,32.9656
4174,114.917,65.2078,32.9656
4175,114.917,65.2078,32.9656
4176,114.917,65.2078,32.9656
4177,114.917,65.2078,32.9656
4178,114.917,65.2078,32.9656
4179,114.917,65.2078,32.9656
4180,114.917,65.2078,32.9656
4181,114.917,65.2078,32.9656
4182,114.917,65.2078,32.9656
4183,114.917,65.2078,32.9656
4184,114.917,65.2078,32.9656
4185,114.917,65.2078,32.9656
4186,114.917,65.2078,32.9656
4187,114.917,65.2078,32.9656
4188,114.917,65.2078,32.9656
4189,114.917,65.2078,32.9656
4190,114.917,65.2078,32.9656
4191,114.917,65.2078,32.9656
4192,114.917,65.2078,32.9656
4193,114.917,65.2078,32.9656
4194,114.917,65.2078,32.9656
4195,114.917,65.2078,32.9656
4196,114.917,65.2078,32.9656
4197,114.917,65.2078,32.9656
4198,114.917,65.2078,32.9656
4199,114.917,65.2078,32.9656
4200,114.917,65.2078,32.9656
4201,114.917,65.2078,32.9656
4202,114.917,65.2078,32.9656
4203,114.917,65.2078,32.9656
4204,114.917,65.2078,32.9656
4205,114.917,65.2078,32.9656
4206,114.917,65.2078,32.9656
4207,114.917,65.2078,32.9656
4208,114.917,65.2078,32.9656
4209,114.917,65.2078,32.9656
4210,114.917,65.2078,32.9656
4211,114.917,65.2078,32.9656
4212,114.917,65.2078,32.9656
4213,114.917,65.2078,32.9656
4214,114.917,65.2078,32.9656
4215,114.917,65.2078,32.9656
4216,114.917,65.2078,32.9656
4217,114.917,65.2078,32.9656
4218,114.917,65.2078,32.9656
4219,114.917,65.2078,32.9656
4220,114.917,65.2078,32.9656
4221,114.917,65.2078,32.9656
4222,114.917,65.2078,32.9656
4223,114.917,65.2078,32.9656
4224,114.917,65.2078,32.9656
4225,114.917,65.2078,32.9656
4226,114.917,65.2078,32.9656
4227,114.917,65.2078,32.9656
4228,114.917,65.2078,32.9656
4229,114.917,65.2078,32.9656
4230,114.917,65.2078,32.9656
4231,114.917,65.2078,32.9656
4232,114.917,65.2078,32.9656
4233,114.917,65.2078,32.9656
4234,114.917,65.2078,32.9656
4235,114.917,65.2078,32.9656
4236,114.917,65.2078,32.9656
4237,114.917,65.2078,32.9656
4238,114.917,65.2078,32.9656
4239,114.917,65.2078,32.9656
4240,114.917,65.2078,32.9656
4241,114.917,65.2078,32.9656
4242,114.917,65.2078,32.9656
4243,114.917,65.2078,32.9656
4244,114.917,65.2078,32.9656
4245,114.917,65.2078,32.9656
4246,114.917,65.2078,32.9656
4247,114.917,65.2078,32.9656
4248,114.917,65.2078,32.9656
4249,114.917,65.2078,32.9656
4250,114.917,65.2078,32.9656
4251,114.917,65.2078,32.9656
4252,114.917,65.2078,32.9656
4253,114.917,65.2078,32.9656
4254,114.917,65.2078,32.9656
4255,114.917,65.2078,32.9656
4256,114.917,65.2078,32.9656
4257,114.917,65.2078,32.9656
4258,114.917,65.2078,32.9656
4259,114.917,65.2078,32.9656
4260,114.917,65.2078,32.9656
4261,114.917,65.2078,32.9656
4262,114.917,65.2078,32.9656
4263,114.917,65.2078,32.9656
4264,114.917,65.2078,32.9656
4265,114.917,65.2078,32.9656
4266,114.917,65.2078,32.9656
4267,114.917,65.2078,32.9656
4268,114.917,65.2078,32.9656
4269,114.917,65.2078,32.9656
4270,114.917,65.2078,32.9656
4271,114.917,65.2078,32.9656
4272,114.917,65.2078,32.9656
4273,114.917,65.2078,32.9656
4274,114.917,65.2078,32.9656
4275,114.917,65.2078,32.9656
4276,114.917,65.2078,32.9656
4277,114.917,65.2078,32.9656
4278,114.917,65.2078,32.9656
4279,114.917,65.2078,32.9656
4280,114.917,65.2078,32.9656
4281,114.917,65.2078,32.9656
4282,114.917,65.2078,32.9656
4283,114.917,65.2078,32.9656
4284,114.917,65.2078,32.9656
4285,114.917,65.2078,32.9656
4286,114.917,65.2078,32.9656
4287,114.917,65.2078,32.9656
4288,114.917,65.2078,32.9656
4289,114.917,65.2078,32.9656
4290,114.917,65.2078,32.9656
4291,114.917,65.2078,32.9656
4292,114.917,65.2078,32.9656
4293,114.917,65.2078,32.9656
4294,114.917,65.2078,32.9656
4295,114.917,65.2078,32.9656
4296,114.917,65.2078,32.9656
4297,114.917,65.2078,32.9656
4298,114.917,65.2078,32.9656
4299,114.917,65.2078,32.9656
4300,114.917,65.2078,32.9656
4301,114.917,65.2078,32.9656
4302,114.917,65.2078,32.9656
4303,114.917,65.2078,32.9656
4304,114.917,65.2078,32.9656
4305,114.917,65.2078,32.9656
4306,114.917,65.2078,32.9656
4307,114.917,65.2078,32.9656
4308,114.917,65.2078,32.9656
4309,114.917,65.2078,32.9656
4310,114.917,65.2078,32.9656
4311,114.917,65.2078,32.9656
4312,114.917,65.2078,32.9656
4313,114.917,65.2078,32.9656
4314,114.917,65.2078,32.9656
4315,114.917,65.2078,32.9656
4316,114.917,65.2078,32.9656
4317,114.917,65.2078,32.9656
4318,114.917,65.2078,32.9656
4319,114.917,65.2078,32.9656
4320,114.917,65.2078,32.9656
4321,114.917,65.2078,32.9656
4322,114.917,65.2078,32.9656
4323,114.917,65.2078,32.9656
4324,114.917,65.2078,32.9656
4325,114.917,65.2078,32.9656
4326,114.917,65.2078,32.9656
4327,114.917,65.2078,32.9656
4328,114.917,65.2078,32.9656
4329,114.917,65.2078,32.9656
4330,114.917,65.2078,32.9656
4331,114.917,65.2078,32.9656
4332,114.917,65.2078,32.9656
4333,114.917,65.2078,32.9656
4334,114.917,65.2078,32.9656
4335,114.917,65.2078,32.9656
4336,114.917,65.2078,32.9656
4337,114.917,65.2078,32.9656
4338,114.917,65.2078,32.9656
4339,114.917,65.2078,32.9656
4340,114.917,65.2078,32.9656
4341,114.917,65.2078,32.9656
4342,114.917,65.2078,32.9656
4343,114.917,65.2078,32.9656
4344,114.917,65.2078,32.9656
4345,93.5376,55.243,27.2613
4346,93.5376,55.243,27.2613
4347,93.5376,55.243,27.2613
4348,93.5376,55.243,27.2613
4349,93.5376,55.243,27.2613
4350,93.5376,55.243,27.2613
4351,93.5376,55.243,27.2613
4352,93.5376,55.243,27.2613
4353,93.5376,55.243,27.2613
4354,93.5376,55.243,27.2613
4355,93.5376,55.243,27.2613
4356,93.5376,55.243,27.2613
4357,93.5376,55.243,27.2613
4358,93.5376,55.243,27.2613
4359,93.5376,55.243,27.2613
4360,93.5376,55.243,27.2613
4361,93.5376,55.243,27.2613
4362,93.5376,55.243,27.2613
4363,93.5376,55.243,27.2613
4364,93.5376,55.243,27.2613
4365,93.5376,55.243,27.2613
4366,93.5376,55.243,27.2613
4367,93.5376,55.243,27.2613
4368,93.5376,55.243,27.2613
4369,93.5376,55.243,27.2613
4370,93.5376,55.243,27.2613
4371,93.5376,55.243,27.2613
4372,93.5376,55.243,27.2613
4373,93.5376,55.243,27.2613
4374,93.5376,55.243,27.2613
4375,93.5376,55.243,27.2613
4376,93.5376,55.243,27.2613
4377,93.5376,55.243,27.2613
4378,93.5376,55.243,27.2613
4379,93.5376,55.243,27.2613
4380,93.5376,55.243,27.2613
4381,93.5376,55.243,27.2613
4382,93.5376,55.243,27.2613
4383,93.5376,55.243,27.2613
4384,93.5376,55.243,27.2613
4385,93.5376,55.243,27.2613
4386,93.5376,55.243,27.2613
4387,93.5376,55.243,27.2613
4388,93.5376,55.243,27.2613
4389,93.5376,55.243,27.2613
4390,93.5376,55.243,27.2613
4391,93.5376,55.243,27.2613
4392,93.5376,55.243,27.2613
4393,93.5376,55.243,27.2613
4394,93.5376,55.243,27.2613
4395,93.5376,55.243,27.2613
4396,93.5376,55.243,27.2613
4397,93.5376,55.243,27.2613
4398,93.5376,55.243,27.2613
4399,93.5376,55.243,27.2613
4400,93.5376,55.243,27.2613
4401,93.5376,55.243,27.2613
4402,93.5376,55.243,27.2613
4403,93.5376,55.243,27.2613
4404,93.5376,55.243,27.2613
4405,93.5376,55.243,27.2613
4406,93.5376,55.243,27.2613
4407,93.5376,55.243,27.2613
4408,93.5376,55.243,27.2613
4409,93.5376,55.243,27.2613
4410,93.5376,55.243,27.2613
4411,93.5376,55.243,27.2613
4412,93.5376,55.243,27.2613
4413,93.5376,55.243,27.2613
4414,93.5376,55.243,27.2613
4415,93.5376,55.243,27.2613
4416,93.5376,55.243,27.2613
4417,93.5376,55.243,27.2613
4418,93.5376,55.243,27.2613
4419,93.5376,55.243,27.2613
4420,93.5376,55.243,27.2613
4421,93.5376,55.243,27.2613
4422,93.5376,55.243,27.2613
4423,93.5376,55.243,27.2613
4424,93.5376,55.243,27.2613
4425,93.5376,55.243,27.2613
4426,93.5376,55.243,27.2613
4427,93.5376,55.243,27.2613
4428,93.5376,55.243,27.2613
4429,93.5376,55.243,27.2613
4430,93.5376,55.243,27.2613
4431,93.5376,55.243,27.2613
4432,93.5376,55.243,27.2613
4433,93.5376,55.243,27.2613
4434,93.5376,55.243,27.2613
4435,93.5376,55.243,27.2613
4436,93.5376,55.243,27.2613
4437,93.5376,55.243,27.2613
4438,93.5376,55.243,27.2613
4439,93.5376,55.243,27.2613
4440,93.5376,55.243,27.2613
4441,93.5376,55.243,27.2613
4442,93.5376,55.243,27.2613
4443,93.5376,55.243,27.2613
4444,93.5376,55.243,27.2613
4445,93.5376,55.243,27.2613
4446,93.5376,55.243,27.2613
4447,93.5376,55.243,27.2613
4448,93.5376,55.243,27.2613
4449,93.5376,55.243,27.2613
4450,93.5376,55.243,27.2613
4451,93.5376,55.243,27.2613
4452,93.5376,55.243,27.2613
4453,93.5376,55.243,27.2613
4454,93.5376,55.243,27.2613
4455,93.5376,55.243,27.2613
4456,93.5376,55.243,27.2613
4457,93.5376,55.243,27.2613
4458,93.5376,55.243,27.2613
4459,93.5376,55.243,27.2613
4460,93.5376,55.243,27.2613
4461,93.5376,55.243,27.2613
4462,93.5376,55.243,27.2613
4463,93.5376,55.243,27.2613
4464,93.5376,55.243,27.2613
4465,93.5376,55.243,27.2613
4466,93.5376,55.243,27.2613
4467,93.5376,55.243,27.2613
4468,93.5376,55.243,27.2613
4469,93.5376,55.243,27.2613
4470,93.5376,55.243,27.2613
4471,93.5376,55.243,27.2613
4472,93.5376,55.243,27.2613
4473,93.5376,55.243,27.2613
4474,93.5376,55.243,27.2613
4475,93.5376,55.243,27.2613
4476,93.5376,55.243,27.2613
4477,93.5376,55.243,27.2613
4478,93.5376,55.243,27.2613
4479,93.5376,55.243,27.2613
4480,93.5376,55.243,27.2613
4481,93.5376,55.243,27.2613
4482,93.5376,55.243,27.2613
4483,93.5376,55.243,27.2613
4484,93.5376,55.243,27.2613
4485,93.5376,55.243,27.2613
4486,93.5376,55.243,27.2613
4487,93.5376,55.243,27.2613
4488,93.5376,55.243,27.2613
4489,93.5376,55.243,27.2613
4490,93.5376,55.243,27.2613
4491,93.5376,55.243,27.2613
4492,93.5376,55.243,27.2613
4493,93.5376,55.243,27.2613
4494,93.5376,55.243,27.2613
4495,93.5376,55.243,27.2613
4496,93.5376,55.243,27.2613
4497,93.5376,55.243,27.2613
4498,93.5376,55.243,27.2613
4499,93.5376,55.243,27.2613
4500,93.5376,55.243,27.2613
4501,93.5376,55.243,27.2613
4502,93.5376,55.243,27.2613
4503,93.5376,55.243,27.2613
4504,93.5376,55.243,27.2613
4505,93.5376,55.243,27.2613
4506,93.5376,55.243,27.2613
4507,93.5376,55.243,27.2613
4508,93.5376,55.243,27.2613
4509,93.5376,55.243,27.2613
4510,93.5376,55.243,27.2613
4511,93.5376,55.243,27.2613
4512,93.5376,55.243,27.2613
4513,93.5376,55.243,27.2613
4514,93.5376,55.243,27.2613
4515,93.5376,55.243,27.2613
4516,93.5376,55.243,27.2613
4517,93.5376,55.243,27.2613
4518,93.5376,55.243,27.2613
4519,93.5376,55.243,27.2613
4520,93.5376,55.243,27.2613
4521,93.5376,55.243,27.2613
4522,93.5376,55.243,27.2613
4523,93.5376,55.243,27.2613
4524,93.5376,55.243,27.2613
4525,93.5376,55.243,27.2613
4526,93.5376,55.243,27.2613
4527,93.5376,55.243,27.2613
4528,93.5376,55.243,27.2613
4529,93.5376,55.243,27.2613
4530,93.5376,55.243,27.2613
4531,93.5376,55.243,27.2613
4532,93.5376,55.243,27.2613
4533,93.5376,55.243,27.2613
4534,93.5376,55.243,27.2613
4535,93.5376,55.243,27.2613
4536,93.5376,55.243,27.2613
4537,93.5376,55.243,27.2613
4538,93.5376,55.243,27.2613
4539,93.5376,55.243,27.2613
4540,93.5376,55.243,27.2613
4541,93.5376,55.243,27.2613
4542,93.5376,55.243,27.2613
4543,93.5376,55.243,27.2613
4544,93.5376,55.243,27.2613
4545,93.5376,55.243,27.2613
4546,93.5376,55.243,27.2613
4547,93.5376,55.243,27.2613
4548,93.5376,55.243,27.2613
4549,93.5376,55.243,27.2613
4550,93.5376,55.243,27.2613
4551,93.5376,55.243,27.2613
4552,93.5376,55.243,27.2613
4553,93.5376,55.243,27.2613
4554,93.5376,55.243,27.2613
4555,93.5376,55.243,27.2613
4556,93.5376,55.243,27.2613
4557,93.5376,55.243,27.2613
4558,93.5376,55.243,27.2613
4559,93.5376,55.243,27.2613
4560,93.5376,55.243,27.2613
4561,93.5376,55.243,27.2613
4562,93.5376,55.243,27.2613
4563,93.5376,55.243,27.2613
4564,93.5376,55.243,27.2613
4565,93.5376,55.243,27.2613
4566,93.5376,55.243,27.2613
4567,93.5376,55.243,27.2613
4568,93.5376,55.243,27.2613
4569,93.5376,55.243,27.2613
4570,93.5376,55.243,27.2613
4571,93.5376,55.243,27.2613
4572,93.5376,55.243,27.2613
4573,93.5376,55.243,27.2613
4574,93.5376,55.243,27.2613
4575,93.5376,55.243,27.2613
4576,93.5376,55.243,27.2613
4577,93.5376,55.243,27.2613
4578,93.5376,55.243,27.2613
4579,93.5376,55.243,27.2613
4580,93.5376,55.243,27.2613
4581,93.5376,55.243,27.2613
4582,93.5376,55.243,27.2613
4583,93.5376,55.243,27.2613
4584,93.5376,55.243,27.2613
4585,93.5376,55.243,27.2613
4586,93.5376,55.243,27.2613
4587,93.5376,55.243,27.2613
4588,93.5376,55.243,27.2613
4589,93.5376,55.243,27.2613
4590,93.5376,55.243,27.2613
4591,93.5376,55.243,27.2613
4592,93.5376,55.243,27.2613
4593,93.5376,55.243,27.2613
4594,93.5376,55.243,27.2613
4595,93.5376,55.243,27.2613
4596,93.5376,55.243,27.2613
4597,93.5376,55.243,27.2613
4598,93.5376,55.243,27.2613
4599,93.5376,55.243,27.2613
4600,93.5376,55.243,27.2613
4601,93.5376,55.243,27.2613
4602,93.5376,55.243,27.2613
4603,93.5376,55.243,27.2613
4604,93.5376,55.243,27.2613
4605,93.5376,55.243,27.2613
4606,93.5376,55.243,27.2613
4607,93.5376,55.243,27.2613
4608,93.5376,55.243,27.2613
4609,93.5376,55.243,27.2613
4610,93.5376,55.243,27.2613
4611,93.5376,55.243,27.2613
4612,93.5376,55.243,27.2613
4613,93.5376,55.243,27.2613
4614,93.5376,55.243,27.2613
4615,93.5376,55.243,27.2613
4616,93.5376,55.243,27.2613
4617,93.5376,55.243,27.2613
4618,93.5376,55.243,27.2613
4619,93.5376,55.243,27.2613
4620,93.5376,55.243,27.2613
4621,93.5376,55.243,27.2613
4622,93.5376,55.243,27.2613
4623,93.5376,55.243,27.2613
4624,93.5376,55.243,27.2613
4625,93.5376,55.243,27.2613
4626,93.5376,55.243,27.2613
4627,93.5376,55.243,27.2613
4628,93.5376,55.243,27.2613
4629,93.5376,55.243,27.2613
4630,93.5376,55.243,27.2613
4631,93.5376,55.243,27.2613
4632,93.5376,55.243,27.2613
4633,93.5376,55.243,27.2613
4634,93.5376,55.243,27.2613
4635,93.5376,55.243,27.2613
4636,93.5376,55.243,27.2613
4637,93.5376,55.243,27.2613
4638,93.5376,55.243,27.2613
4639,93.5376,55.243,27.2613
4640,93.5376,55.243,27.2613
4641,93.5376,55.243,27.2613
4642,93.5376,55.243,27.2613
4643,93.5376,55.243,27.2613
4644,93.5376,55.243,27.2613
4645,93.5376,55.243,27.2613
4646,93.5376,55.243,27.2613
4647,93.5376,55.243,27.2613
4648,93.5376,55.243,27.2613
4649,93.5376,55.243,27.2613
4650,93.5376,55.243,27.2613
4651,93.5376,55.243,27.2613
4652,93.5376,55.243,27.2613
4653,93.5376,55.243,27.2613
4654,93.5376,55.243,27.2613
4655,93.5376,55.243,27.2613
4656,93.5376,55.243,27.2613
4657,93.5376,55.243,27.2613
4658,93.5376,55.243,27.2613
4659,93.5376,55.243,27.2613
4660,93.5376,55.243,27.2613
4661,93.5376,55.243,27.2613
4662,93.5376,55.243,27.2613
4663,93.5376,55.243,27.2613
4664,93.5376,55.243,27.2613
4665,93.5376,55.243,27.2613
4666,93.5376,55.243,27.2613
4667,93.5376,55.243,27.2613
4668,93.5376,55.243,27.2613
4669,93.5376,55.243,27.2613
4670,93.5376,55.243,27.2613
4671,93.5376,55.243,27.2613
4672,93.5376,55.243,27.2613
4673,93.5376,55.243,27.2613
4674,93.5376,55.243,27.2613
4675,93.5376,55.243,27.2613
4676,93.5376,55.243,27.2613
4677,93.5376,55.243,27.2613
4678,93.5376,55.243,27.2613
4679,93.5376,55.243,27.2613
4680,93.5376,55.243,27.2613
4681,93.5376,55.243,27.2613
4682,93.5376,55.243,27.2613
4683,93.5376,55.243,27.2613
4684,93.5376,55.243,27.2613
4685,93.5376,55.243,27.2613
4686,93.5376,55.243,27.2613
4687,93.5376,55.243,27.2613
4688,93.5376,55.243,27.2613
4689,93.5376,55.243,27.2613
4690,93.5376,55.243,27.2613
4691,93.5376,55.243,27.2613
4692,93.5376,55.243,27.2613
4693,93.5376,55.243,27.2613
4694,93.5376,55.243,27.2613
4695,93.5376,55.243,27.2613
4696,93.5376,55.243,27.2613
4697,93.5376,55.243,27.2613
4698,93.5376,55.243,27.2613
4699,93.5376,55.243,27.2613
4700,93.5376,55.243,27.2613
4701,93.5376,55.243,27.2613
4702,93.5376,55.243,27.2613
4703,93.5376,55.243,27.2613
4704,93.5376,55.243,27.2613
4705,93.5376,55.243,27.2613
4706,93.5376,55.243,27.2613
4707,93.5376,55.243,27.2613
4708,93.5376,55.243,27.2613
4709,93.5376,55.243,27.2613
4710,93.5376,55.243,27.2613
4711,93.5376,55.243,27.2613
4712,93.5376,55.243,27.2613
4713,93.5376,55.243,27.2613
4714,93.5376,55.243,27.2613
4715,93.5376,55.243,27.2613
4716,93.5376,55.243,27.2613
4717,93.5376,55.243,27.2613
4718,93.5376,55.243,27.2613
4719,93.5376,55.243,27.2613
4720,93.5376,55.243,27.2613
4721,93.5376,55.243,27.2613
4722,93.5376,55.243,27.2613
4723,93.5376,55.243,27.2613
4724,93.5376,55.243,27.2613
4725,93.5376,55.243,27.2613
4726,93.5376,55.243,27.2613
4727,93.5376,55.243,27.2613
4728,93.5376,55.243,27.2613
4729,93.5376,55.243,27.2613
4730,93.5376,55.243,27.2613
4731,93.5376,55.243,27.2613
4732,93.5376,55.243,27.2613
4733,93.5376,55.243,27.2613
4734,93.5376,55.243,27.2613
4735,93.5376,55.243,27.2613
4736,93.5376,55.243,27.2613
4737,93.5376,55.243,27.2613
4738,93.5376,55.243,27.2613
4739,93.5376,55.243,27.2613
4740,93.5376,55.243,27.2613
4741,93.5376,55.243,27.2613
4742,93.5376,55.243,27.2613
4743,93.5376,55.243,27.2613
4744,93.5376,55.243,27.2613
4745,93.5376,55.243,27.2613
4746,93.5376,55.243,27.2613
4747,93.5376,55.243,27.2613
4748,93.5376,55.243,27.2613
4749,93.5376,55.243,27.2613
4750,93.5376,55.243,27.2613
4751,93.5376,55.243,27.2613
4752,93.5376,55.243,27.2613
4753,93.5376,55.243,27.2613
4754,93.5376,55.243,27.2613
4755,93.5376,55.243,27.2613
4756,93.5376,55.243,27.2613
4757,93.5376,55.243,27.2613
4758,93.5376,55.243,27.2613
4759,93.5376,55.243,27.2613
4760,93.5376,55.243,27.2613
4761,93.5376,55.243,27.2613
4762,93.5376,55.243,27.2613
4763,93.5376,55.243,27.2613
4764,93.5376,55.243,27.2613
4765,93.5376,55.243,27.2613
4766,93.5376,55.243,27.2613
4767,93.5376,55.243,27.2613
4768,93.5376,55.243,27.2613
4769,93.5376,55.243,27.2613
4770,93.5376,55.243,27.2613
4771,93.5376,55.243,27.2613
4772,93.5376,55.243,27.2613
4773,93.5376,55.243,27.2613
4774,93.5376,55.243,27.2613
4775,93.5376,55.243,27.2613
4776,93.5376,55.243,27.2613
4777,93.5376,55.243,27.2613
4778,93.5376,55.243,27.2613
4779,93.5376,55.243,27.2613
4780,93.5376,55.243,27.2613
4781,93.5376,55.243,27.2613
4782,93.5376,55.243,27.2613
4783,93.5376,55.243,27.2613
4784,93.5376,55.243,27.2613
4785,93.5376,55.243,27.2613
4786,93.5376,55.243,27.2613
4787,93.5376,55.243,27.2613
4788,93.5376,55.243,27.2613
4789,93.5376,55.243,27.2613
4790,93.5376,55.243,27.2613
4791,93.5376,55.243,27.2613
4792,93.5376,55.243,27.2613
4793,93.5376,55.243,27.2613
4794,93.5376,55.243,27.2613
4795,93.5376,55.243,27.2613
4796,93.5376,55.243,27.2613
4797,93.5376,55.243,27.2613
4798,93.5376,55.243,27.2613
4799,93.5376,55.243,27.2613
4800,93.5376,55.243,27.2613
4801,93.5376,55.243,27.2613
4802,93.5376,55.243,27.2613
4803,93.5376,55.243,27.2613
4804,93.5376,55.243,27.2613
4805,93.5376,55.243,27.2613
4806,93.5376,55.243,27.2613
4807,93.5376,55.243,27.2613
4808,93.5376,55.243,27.2613
4809,93.5376,55.243,27.2613
4810,93.5376,55.243,27.2613
4811,93.5376,55.243,27.2613
4812,93.5376,55.243,27.2613
4813,93.5376,55.243,27.2613
4814,93.5376,55.243,27.2613
4815,93.5376,55.243,27.2613
4816,93.5376,55.243,27.2613
4817,93.5376,55.243,27.2613
4818,93.5376,55.243,27.2613
4819,93.5376,55.243,27.2613
4820,93.5376,55.243,27.2613
4821,93.5376,55.243,27.2613
4822,93.5376,55.243,27.2613
4823,93.5376,55.243,27.2613
4824,93.5376,55.243,27.2613
4825,93.5376,55.243,27.2613
4826,93.5376,55.243,27.2613
4827,93.5376,55.243,27.2613
4828,93.5376,55.243,27.2613
4829,93.5376,55.243,27.2613
4830,93.5376,55.243,27.2613
4831,93.5376,55.243,27.2613
4832,93.5376,55.243,27.2613
4833,93.5376,55.243,27.2613
4834,93.5376,55.243,27.2613
4835,93.5376,55.243,27.2613
4836,93.5376,55.243,27.2613
4837,93.5376,55.243,27.2613
4838,93.5376,55.243,27.2613
4839,93.5376,55.243,27.2613
4840,93.5376,55.243,27.2613
4841,93.5376,55.243,27.2613
4842,93.5376,55.243,27.2613
4843,93.5376,55.243,27.2613
4844,93.5376,55.243,27.2613
4845,93.5376,55.243,27.2613
4846,93.5376,55.243,27.2613
4847,93.5376,55.243,27.2613
4848,93.5376,55.243,27.2613
4849,93.5376,55.243,27.2613
4850,93.5376,55.243,27.2613
4851,93.5376,55.243,27.2613
4852,93.5376,55.243,27.2613
4853,93.5376,55.243,27.2613
4854,93.5376,55.243,27.2613
4855,93.5376,55.243,27.2613
4856,93.5376,55.243,27.2613
4857,93.5376,55.243,27.2613
4858,93.5376,55.243,27.2613
4859,93.5376,55.243,27.2613
4860,93.5376,55.243,27.2613
4861,93.5376,55.243,27.2613
4862,93.5376,55.243,27.2613
4863,93.5376,55.243,27.2613
4864,93.5376,55.243,27.2613
4865,93.5376,55.243,27.2613
4866,93.5376,55.243,27.2613
4867,93.5376,55.243,27.2613
4868,93.5376,55.243,27.2613
4869,93.5376,55.243,27.2613
4870,93.5376,55.243,27.2613
4871,93.5376,55.243,27.2613
4872,93.5376,55.243,27.2613
4873,93.5376,55.243,27.2613
4874,93.5376,55.243,27.2613
4875,93.5376,55.243,27.2613
4876,93.5376,55.243,27.2613
4877,93.5376,55.243,27.2613
4878,93.5376,55.243,27.2613
4879,93.5376,55.243,27.2613
4880,93.5376,55.243,27.2613
4881,93.5376,55.243,27.2613
4882,93.5376,55.243,27.2613
4883,93.5376,55.243,27.2613
4884,93.5376,55.243,27.2613
4885,93.5376,55.243,27.2613
4886,93.5376,55.243,27.2613
4887,93.5376,55.243,27.2613
4888,93.5376,55.243,27.2613
4889,93.5376,55.243,27.2613
4890,93.5376,55.243,27.2613
4891,93.5376,55.243,27.2613
4892,93.5376,55.243,27.2613
4893,93.5376,55.243,27.2613
4894,93.5376,55.243,27.2613
4895,93.5376,55.243,27.2613
4896,93.5376,55.243,27.2613
4897,93.5376,55.243,27.2613
4898,93.5376,55.243,27.2613
4899,93.5376,55.243,27.2613
4900,93.5376,55.243,27.2613
4901,93.5376,55.243,27.2613
4902,93.5376,55.243,27.2613
4903,93.5376,55.243,27.2613
4904,93.5376,55.243,27.2613
4905,93.5376,55.243,27.2613
4906,93.5376,55.243,27.2613
4907,93.5376,55.243,27.2613
4908,93.5376,55.243,27.2613
4909,93.5376,55.243,27.2613
4910,93.5376,55.243,27.2613
4911,93.5376,55.243,27.2613
4912,93.5376,55.243,27.2613
4913,93.5376,55.243,27.2613
4914,93.5376,55.243,27.2613
4915,93.5376,55.243,27.2613
4916,93.5376,55.243,27.2613
4917,93.5376,55.243,27.2613
4918,93.5376,55.243,27.2613
4919,93.5376,55.243,27.2613
4920,93.5376,55.243,27.2613
4921,93.5376,55.243,27.2613
4922,93.5376,55.243,27.2613
4923,93.5376,55.243,27.2613
4924,93.5376,55.243,27.2613
4925,93.5376,55.243,27.2613
4926,93.5376,55.243,27.2613
4927,93.5376,55.243,27.2613
4928,93.5376,55.243,27.2613
4929,93.5376,55.243,27.2613
4930,93.5376,55.243,27.2613
4931,93.5376,55.243,27.2613
4932,93.5376,55.243,27.2613
4933,93.5376,55.243,27.2613
4934,93.5376,55.243,27.2613
4935,93.5376,55.243,27.2613
4936,93.5376,55.243,27.2613
4937,93.5376,55.243,27.2613
4938,93.5376,55.243,27.2613
4939,93.5376,55.243,27.2613
4940,93.5376,55.243,27.2613
4941,93.5376,55.243,27.2613
4942,93.5376,55.243,27.2613
4943,93.5376,55.243,27.2613
4944,93.5376,55.243,27.2613
4945,93.5376,55.243,27.2613
4946,93.5376,55.243,27.2613
4947,93.5376,55.243,27.2613
4948,93.5376,55.243,27.2613
4949,93.5376,55.243,27.2613
4950,93.5376,55.243,27.2613
4951,93.5376,55.243,27.2613
4952,93.5376,55.243,27.2613
4953,93.5376,55.243,27.2613
4954,93.5376,55.243,27.2613
4955,93.5376,55.243,27.2613
4956,93.5376,55.243,27.2613
4957,93.5376,55.243,27.2613
4958,93.5376,55.243,27.2613
4959,93.5376,55.243,27.2613
4960,93.5376,55.243,27.2613
4961,93.5376,55.243,27.2613
4962,93.5376,55.243,27.2613
4963,93.5376,55.243,27.2613
4964,93.5376,55.243,27.2613
4965,93.5376,55.243,27.2613
4966,93.5376,55.243,27.2613
4967,93.5376,55.243,27.2613
4968,93.5376,55.243,27.2613
4969,93.5376,55.243,27.2613
4970,93.5376,55.243,27.2613
4971,93.5376,55.243,27.2613
4972,93.5376,55.243,27.2613
4973,93.5376,55.243,27.2613
4974,93.5376,55.243,27.2613
4975,93.5376,55.243,27.2613
4976,93.5376,55.243,27.2613
4977,93.5376,55.243,27.2613
4978,93.5376,55.243,27.2613
4979,93.5376,55.243,27.2613
4980,93.5376,55.243,27.2613
4981,93.5376,55.243,27.2613
4982,93.5376,55.243,27.2613
4983,93.5376,55.243,27.2613
4984,93.5376,55.243,27.2613
4985,93.5376,55.243,27.2613
4986,93.5376,55.243,27.2613
4987,93.5376,55.243,27.2613
4988,93.5376,55.243,27.2613
4989,93.5376,55.243,27.2613
4990,93.5376,55.243,27.2613
4991,93.5376,55.243,27.2613
4992,93.5376,55.243,27.2613
4993,93.5376,55.243,27.2613
4994,93.5376,55.243,27.2613
4995,93.5376,55.243,27.2613
4996,93.5376,55.243,27.2613
4997,93.5376,55.243,27.2613
4998,93.5376,55.243,27.2613
4999,93.5376,55.243,27.2613
5000,93.5376,55.243,27.2613
5001,93.5376,55.243,27.2613
5002,93.5376,55.243,27.2613
5003,93.5376,55.243,27.2613
5004,93.5376,55.243,27.2613
5005,93.5376,55.243,27.2613
5006,93.5376,55.243,27.2613
5007,93.5376,55.243,27.2613
5008,93.5376,55.243,27.2613
5009,93.5376,55.243,27.2613
5010,93.5376,55.243,27.2613
5011,93.5376,55.243,27.2613
5012,93.5376,55.243,27.2613
5013,93.5376,55.243,27.2613
5014,93.5376,55.243,27.2613
5015,93.5376,55.243,27.2613
5016,93.5376,55.243,27.2613
5017,93.5376,55.243,27.2613
5018,93.5376,55.243,27.2613
5019,93.5376,55.243,27.2613
5020,93.5376,55.243,27.2613
5021,93.5376,55.243,27.2613
5022,93.5376,55.243,27.2613
5023,93.5376,55.243,27.2613
5024,93.5376,55.243,27.2613
5025,93.5376,55.243,27.2613
5026,93.5376,55.243,27.2613
5027,93.5376,55.243,27.2613
5028,93.5376,55.243,27.2613
5029,93.5376,55.243,27.2613
5030,93.5376,55.243,27.2613
5031,93.5376,55.243,27.2613
5032,93.5376,55.243,27.2613
5033,93.5376,55.243,27.2613
5034,93.5376,55.243,27.2613
5035,93.5376,55.243,27.2613
5036,93.5376,55.243,27.2613
5037,93.5376,55.243,27.2613
5038,93.5376,55.243,27.2613
5039,93.5376,55.243,27.2613
5040,93.5376,55.243,27.2613
5041,93.5376,55.243,27.2613
5042,93.5376,55.243,27.2613
5043,93.5376,55.243,27.2613
5044,93.5376,55.243,27.2613
5045,93.5376,55.243,27.2613
5046,93.5376,55.243,27.2613
5047,93.5376,55.243,27.2613
5048,93.5376,55.243,27.2613
5049,93.5376,55.243,27.2613
5050,93.5376,55.243,27.2613
5051,93.5376,55.243,27.2613
5052,93.5376,55.243,27.2613
5053,93.5376,55.243,27.2613
5054,93.5376,55.243,27.2613
5055,93.5376,55.243,27.2613
5056,93.5376,55.243,27.2613
5057,93.5376,55.243,27.2613
5058,93.5376,55.243,27.2613
5059,93.5376,55.243,27.2613
5060,93.5376,55.243,27.2613
5061,93.5376,55.243,27.2613
5062,93.5376,55.243,27.2613
5063,93.5376,55.243,27.2613
5064,93.5376,55.243,27.2613
5065,93.5376,55.243,27.2613
5066,93.5376,55.243,27.2613
5067,93.5376,55.243,27.2613
5068,93.5376,55.243,27.2613
5069,93.5376,55.243,27.2613
5070,93.5376,55.243,27.2613
5071,93.5376,55.243,27.2613
5072,93.5376,55.243,27.2613
5073,93.5376,55.243,27.2613
5074,93.5376,55.243,27.2613
5075,93.5376,55.243,27.2613
5076,93.5376,55.243,27.2613
5077,93.5376,55.243,27.2613
5078,93.5376,55.243,27.2613
5079,93.5376,55.243,27.2613
5080,93.5376,55.243,27.2613
5081,93.5376,55.243,27.2613
5082,93.5376,55.243,27.2613
5083,93.5376,55.243,27.2613
5084,93.5376,55.243,27.2613
5085,93.5376,55.243,27.2613
5086,93.5376,55.243,27.2613
5087,93.5376,55.243,27.2613
5088,93.5376,55.243,27.2613
5089,107.012,58.3892,29.6538
5090,107.012,58.3892,29.6538
5091,107.012,58.3892,29.6538
5092,107.012,58.3892,29.6538
5093,107.012,58.3892,29.6538
5094,107.012,58.3892,29.6538
5095,107.012,58.3892,29.6538
5096,107.012,58.3892,29.6538
5097,107.012,58.3892,29.6538
5098,107.012,58.3892,29.6538
5099,107.012,58.3892,29.6538
5100,107.012,58.3892,29.6538
5101,107.012,58.3892,29.6538
5102,107.012,58.3892,29.6538
5103,107.012,58.3892,29.6538
5104,107.012,58.3892,29.6538
5105,107.012,58.3892,29.6538
5106,107.012,58.3892,29.6538
5107,107.012,58.3892,29.6538
5108,107.012,58.3892,29.6538
5109,107.012,58.3892,29.6538
5110,107.012,58.3892,29.6538
5111,107.012,58.3892,29.6538
5112,107.012,58.3892,29.6538
5113,107.012,58.3892,29.6538
5114,107.012,58.3892,29.6538
5115,107.012,58.3892,29.6538
5116,107.012,58.3892,29.6538
5117,107.012,58.3892,29.6538
5118,107.012,58.3892,29.6538
5119,107.012,58.3892,29.6538
5120,107.012,58.3892,29.6538
5121,107.012,58.3892,29.6538
5122,107.012,58.3892,29.6538
5123,107.012,58.3892,29.6538
5124,107.012,58.3892,29.6538
5125,107.012,58.3892,29.6538
5126,107.012,58.3892,29.6538
5127,107.012,58.3892,29.6538
5128,107.012,58.3892,29.6538
5129,107.012,58.3892,29.6538
5130,107.012,58.3892,29.6538
5131,107.012,58.3892,29.6538
5132,107.012,58.3892,29.6538
5133,107.012,58.3892,29.6538
5134,107.012,58.3892,29.6538
5135,107.012,58.3892,29.6538
5136,107.012,58.3892,29.6538
5137,107.012,58.3892,29.6538
5138,107.012,58.3892,29.6538
5139,107.012,58.3892,29.6538
5140,107.012,58.3892,29.6538
5141,107.012,58.3892,29.6538
5142,107.012,58.3892,29.6538
5143,107.012,58.3892,29.6538
5144,107.012,58.3892,29.6538
5145,107.012,58.3892,29.6538
5146,107.012,58.3892,29.6538
5147,107.012,58.3892,29.6538
5148,107.012,58.3892,29.6538
5149,107.012,58.3892,29.6538
5150,107.012,58.3892,29.6538
5151,107.012,58.3892,29.6538
5152,107.012,58.3892,29.6538
5153,107.012,58.3892,29.6538
5154,107.012,58.3892,29.6538
5155,107.012,58.3892,29.6538
5156,107.012,58.3892,29.6538
5157,107.012,58.3892,29.6538
5158,107.012,58.3892,29.6538
5159,107.012,58.3892,29.6538
5160,107.012,58.3892,29.6538
5161,107.012,58.3892,29.6538
5162,107.012,58.3892,29.6538
5163,107.012,58.3892,29.6538
5164,107.012,58.3892,29.6538
5165,107.012,58.3892,29.6538
5166,107.012,58.3892,29.6538
5167,107.012,58.3892,29.6538
5168,107.012,58.3892,29.6538
5169,107.012,58.3892,29.6538
5170,107.012,58.3892,29.6538
5171,107.012,58.3892,29.6538
5172,107.012,58.3892,29.6538
5173,107.012,58.3892,29.6538
5174,107.012,58.3892,29.6538
5175,107.012,58.3892,29.6538
5176,107.012,58.3892,29.6538
5177,107.012,58.3892,29.6538
5178,107.012,58.3892,29.6538
5179,107.012,58.3892,29.6538
5180,107.012,58.3892,29.6538
5181,107.012,58.3892,29.6538
5182,107.012,58.3892,29.6538
5183,107.012,58.3892,29.6538
5184,107.012,58.3892,29.6538
5185,107.012,58.3892,29.6538
5186,107.012,58.3892,29.6538
5187,107.012,58.3892,29.6538
5188,107.012,58.3892,29.6538
5189,107.012,58.3892,29.6538
5190,107.012,58.3892,29.6538
5191,107.012,58.3892,29.6538
5192,107.012,58.3892,29.6538
5193,107.012,58.3892,29.6538
5194,107.012,58.3892,29.6538
5195,107.012,58.3892,29.6538
5196,107.012,58.3892,29.6538
5197,107.012,58.3892,29.6538
5198,107.012,58.3892,29.6538
5199,107.012,58.3892,29.6538
5200,107.012,58.3892,29.6538
5201,107.012,58.3892,29.6538
5202,107.012,58.3892,29.6538
5203,107.012,58.3892,29.6538
5204,107.012,58.3892,29.6538
5205,107.012,58.3892,29.6538
5206,107.012,58.3892,29.6538
5207,107.012,58.3892,29.6538
5208,107.012,58.3892,29.6538
5209,107.012,58.3892,29.6538
5210,107.012,58.3892,29.6538
5211,107.012,58.3892,29.6538
5212,107.012,58.3892,29.6538
5213,107.012,58.3892,29.6538
5214,107.012,58.3892,29.6538
5215,107.012,58.3892,29.6538
5216,107.012,58.3892,29.6538
5217,107.012,58.3892,29.6538
5218,107.012,58.3892,29.6538
5219,107.012,58.3892,29.6538
5220,107.012,58.3892,29.6538
5221,107.012,58.3892,29.6538
5222,107.012,58.3892,29.6538
5223,107.012,58.3892,29.6538
5224,107.012,58.3892,29.6538
5225,107.012,58.3892,29.6538
5226,107.012,58.3892,29.6538
5227,107.012,58.3892,29.6538
5228,107.012,58.3892,29.6538
5229,107.012,58.3892,29.6538
5230,107.012,58.3892,29.6538
5231,107.012,58.3892,29.6538
5232,107.012,58.3892,29.6538
5233,107.012,58.3892,29.6538
5234,107.012,58.3892,29.6538
5235,107.012,58.3892,29.6538
5236,107.012,58.3892,29.6538
5237,107.012,58.3892,29.6538
5238,107.012,58.3892,29.6538
5239,107.012,58.3892,29.6538
5240,107.012,58.3892,29.6538
5241,107.012,58.3892,29.6538
5242,107.012,58.3892,29.6538
5243,107.012,58.3892,29.6538
5244,107.012,58.3892,29.6538
5245,107.012,58.3892,29.6538
5246,107.012,58.3892,29.6538
5247,107.012,58.3892,29.6538
5248,107.012,58.3892,29.6538
5249,107.012,58.3892,29.6538
5250,107.012,58.3892,29.6538
5251,107.012,58.3892,29.6538
5252,107.012,58.3892,29.6538
5253,107.012,58.3892,29.6538
5254,107.012,58.3892,29.6538
5255,107.012,58.3892,29.6538
5256,107.012,58.3892,29.6538
5257,107.012,58.3892,29.6538
5258,107.012,58.3892,29.6538
5259,107.012,58.3892,29.6538
5260,107.012,58.3892,29.6538
5261,107.012,58.3892,29.6538
5262,107.012,58.3892,29.6538
5263,107.012,58.3892,29.6538
5264,107.012,58.3892,29.6538
5265,107.012,58.3892,29.6538
5266,107.012,58.3892,29.6538
5267,107.012,58.3892,29.6538
5268,107.012,58.3892,29.6538
5269,107.012,58.3892,29.6538
5270,107.012,58.3892,29.6538
5271,107.012,58.3892,29.6538
5272,107.012,58.3892,29.6538
5273,107.012,58.3892,29.6538
5274,107.012,58.3892,29.6538
5275,107.012,58.3892,29.6538
5276,107.012,58.3892,29.6538
5277,107.012,58.3892,29.6538
5278,107.012,58.3892,29.6538
5279,107.012,58.3892,29.6538
5280,107.012,58.3892,29.6538
5281,107.012,58.3892,29.6538
5282,107.012,58.3892,29.6538
5283,107.012,58.3892,29.6538
5284,107.012,58.3892,29.6538
5285,107.012,58.3892,29.6538
5286,107.012,58.3892,29.6538
5287,107.012,58.3892,29.6538
5288,107.012,58.3892,29.6538
5289,107.012,58.3892,29.6538
5290,107.012,58.3892,29.6538
5291,107.012,58.3892,29.6538
5292,107.012,58.3892,29.6538
5293,107.012,58.3892,29.6538
5294,107.012,58.3892,29.6538
5295,107.012,58.3892,29.6538
5296,107.012,58.3892,29.6538
5297,107.012,58.3892,29.6538
5298,107.012,58.3892,29.6538
5299,107.012,58.3892,29.6538
5300,107.012,58.3892,29.6538
5301,107.012,58.3892,29.6538
5302,107.012,58.3892,29.6538
5303,107.012,58.3892,29.6538
5304,107.012,58.3892,29.6538
5305,107.012,58.3892,29.6538
5306,107.012,58.3892,29.6538
5307,107.012,58.3892,29.6538
5308,107.012,58.3892,29.6538
5309,107.012,58.3892,29.6538
5310,107.012,58.3892,29.6538
5311,107.012,58.3892,29.6538
5312,107.012,58.3892,29.6538
5313,107.012,58.3892,29.6538
5314,107.012,58.3892,29.6538
5315,107.012,58.3892,29.6538
5316,107.012,58.3892,29.6538
5317,107.012,58.3892,29.6538
5318,107.012,58.3892,29.6538
5319,107.012,58.3892,29.6538
5320,107.012,58.3892,29.6538
5321,107.012,58.3892,29.6538
5322,107.012,58.3892,29.6538
5323,107.012,58.3892,29.6538
5324,107.012,58.3892,29.6538
5325,107.012,58.3892,29.6538
5326,107.012,58.3892,29.6538
5327,107.012,58.3892,29.6538
5328,107.012,58.3892,29.6538
5329,107.012,58.3892,29.6538
5330,107.012,58.3892,29.6538
5331,107.012,58.3892,29.6538
5332,107.012,58.3892,29.6538
5333,107.012,58.3892,29.6538
5334,107.012,58.3892,29.6538
5335,107.012,58.3892,29.6538
5336,107.012,58.3892,29.6538
5337,107.012,58.3892,29.6538
5338,107.012,58.3892,29.6538
5339,107.012,58.3892,29.6538
5340,107.012,58.3892,29.6538
5341,107.012,58.3892,29.6538
5342,107.012,58.3892,29.6538
5343,107.012,58.3892,29.6538
5344,107.012,58.3892,29.6538
5345,107.012,58.3892,29.6538
5346,107.012,58.3892,29.6538
5347,107.012,58.3892,29.6538
5348,107.012,58.3892,29.6538
5349,107.012,58.3892,29.6538
5350,107.012,58.3892,29.6538
5351,107.012,58.3892,29.6538
5352,107.012,58.3892,29.6538
5353,107.012,58.3892,29.6538
5354,107.012,58.3892,29.6538
5355,107.012,58.3892,29.6538
5356,107.012,58.3892,29.6538
5357,107.012,58.3892,29.6538
5358,107.012,58.3892,29.6538
5359,107.012,58.3892,29.6538
5360,107.012,58.3892,29.6538
5361,107.012,58.3892,29.6538
5362,107.012,58.3892,29.6538
5363,107.012,58.3892,29.6538
5364,107.012,58.3892,29.6538
5365,107.012,58.3892,29.6538
5366,107.012,58.3892,29.6538
5367,107.012,58.3892,29.6538
5368,107.012,58.3892,29.6538
5369,107.012,58.3892,29.6538
5370,107.012,58.3892,29.6538
5371,107.012,58.3892,29.6538
5372,107.012,58.3892,29.6538
5373,107.012,58.3892,29.6538
5374,107.012,58.3892,29.6538
5375,107.012,58.3892,29.6538
5376,107.012,58.3892,29.6538
5377,107.012,58.3892,29.6538
5378,107.012,58.3892,29.6538
5379,107.012,58.3892,29.6538
5380,107.012,58.3892,29.6538
5381,107.012,58.3892,29.6538
5382,107.012,58.3892,29.6538
5383,107.012,58.3892,29.6538
5384,107.012,58.3892,29.6538
5385,107.012,58.3892,29.6538
5386,107.012,58.3892,29.6538
5387,107.012,58.3892,29.6538
5388,107.012,58.3892,29.6538
5389,107.012,58.3892,29.6538
5390,107.012,58.3892,29.6538
5391,107.012,58.3892,29.6538
5392,107.012,58.3892,29.6538
5393,107.012,58.3892,29.6538
5394,107.012,58.3892,29.6538
5395,107.012,58.3892,29.6538
5396,107.012,58.3892,29.6538
5397,107.012,58.3892,29.6538
5398,107.012,58.3892,29.6538
5399,107.012,58.3892,29.6538
5400,107.012,58.3892,29.6538
5401,107.012,58.3892,29.6538
5402,107.012,58.3892,29.6538
5403,107.012,58.3892,29.6538
5404,107.012,58.3892,29.6538
5405,107.012,58.3892,29.6538
5406,107.012,58.3892,29.6538
5407,107.012,58.3892,29.6538
5408,107.012,58.3892,29.6538
5409,107.012,58.3892,29.6538
5410,107.012,58.3892,29.6538
5411,107.012,58.3892,29.6538
5412,107.012,58.3892,29.6538
5413,107.012,58.3892,29.6538
5414,107.012,58.3892,29.6538
5415,107.012,58.3892,29.6538
5416,107.012,58.3892,29.6538
5417,107.012,58.3892,29.6538
5418,107.012,58.3892,29.6538
5419,107.012,58.3892,29.6538
5420,107.012,58.3892,29.6538
5421,107.012,58.3892,29.6538
5422,107.012,58.3892,29.6538
5423,107.012,58.3892,29.6538
5424,107.012,58.3892,29.6538
5425,107.012,58.3892,29.6538
5426,107.012,58.3892,29.6538
5427,107.012,58.3892,29.6538
5428,107.012,58.3892,29.6538
5429,107.012,58.3892,29.6538
5430,107.012,58.3892,29.6538
5431,107.012,58.3892,29.6538
5432,107.012,58.3892,29.6538
5433,107.012,58.3892,29.6538
5434,107.012,58.3892,29.6538
5435,107.012,58.3892,29.6538
5436,107.012,58.3892,29.6538
5437,107.012,58.3892,29.6538
5438,107.012,58.3892,29.6538
5439,107.012,58.3892,29.6538
5440,107.012,58.3892,29.6538
5441,107.012,58.3892,29.6538
5442,107.012,58.3892,29.6538
5443,107.012,58.3892,29.6538
5444,107.012,58.3892,29.6538
5445,107.012,58.3892,29.6538
5446,107.012,58.3892,29.6538
5447,107.012,58.3892,29.6538
5448,107.012,58.3892,29.6538
5449,107.012,58.3892,29.6538
5450,107.012,58.3892,29.6538
5451,107.012,58.3892,29.6538
5452,107.012,58.3892,29.6538
5453,107.012,58.3892,29.6538
5454,107.012,58.3892,29.6538
5455,107.012,58.3892,29.6538
5456,107.012,58.3892,29.6538
5457,107.012,58.3892,29.6538
5458,107.012,58.3892,29.6538
5459,107.012,58.3892,29.6538
5460,107.012,58.3892,29.6538
5461,107.012,58.3892,29.6538
5462,107.012,58.3892,29.6538
5463,107.012,58.3892,29.6538
5464,107.012,58.3892,29.6538
5465,107.012,58.3892,29.6538
5466,107.012,58.3892,29.6538
5467,107.012,58.3892,29.6538
5468,107.012,58.3892,29.6538
5469,107.012,58.3892,29.6538
5470,107.012,58.3892,29.6538
5471,107.012,58.3892,29.6538
5472,107.012,58.3892,29.6538
5473,107.012,58.3892,29.6538
5474,107.012,58.3892,29.6538
5475,107.012,58.3892,29.6538
5476,107.012,58.3892,29.6538
5477,107.012,58.3892,29.6538
5478,107.012,58.3892,29.6538
5479,107.012,58.3892,29.6538
5480,107.012,58.3892,29.6538
5481,107.012,58.3892,29.6538
5482,107.012,58.3892,29.6538
5483,107.012,58.3892,29.6538
5484,107.012,58.3892,29.6538
5485,107.012,58.3892,29.6538
5486,107.012,58.3892,29.6538
5487,107.012,58.3892,29.6538
5488,107.012,58.3892,29.6538
5489,107.012,58.3892,29.6538
5490,107.012,58.3892,29.6538
5491,107.012,58.3892,29.6538
5492,107.012,58.3892,29.6538
5493,107.012,58.3892,29.6538
5494,107.012,58.3892,29.6538
5495,107.012,58.3892,29.6538
5496,107.012,58.3892,29.6538
5497,107.012,58.3892,29.6538
5498,107.012,58.3892,29.6538
5499,107.012,58.3892,29.6538
5500,107.012,58.3892,29.6538
5501,107.012,58.3892,29.6538
5502,107.012,58.3892,29.6538
5503,107.012,58.3892,29.6538
5504,107.012,58.3892,29.6538
5505,107.012,58.3892,29.6538
5506,107.012,58.3892,29.6538
5507,107.012,58.3892,29.6538
5508,107.012,58.3892,29.6538
5509,107.012,58.3892,29.6538
5510,107.012,58.3892,29.6538
5511,107.012,58.3892,29.6538
5512,107.012,58.3892,29.6538
5513,107.012,58.3892,29.6538
5514,107.012,58.3892,29.6538
5515,107.012,58.3892,29.6538
5516,107.012,58.3892,29.6538
5517,107.012,58.3892,29.6538
5518,107.012,58.3892,29.6538
5519,107.012,58.3892,29.6538
5520,107.012,58.3892,29.6538
5521,107.012,58.3892,29.6538
5522,107.012,58.3892,29.6538
5523,107.012,58.3892,29.6538
5524,107.012,58.3892,29.6538
5525,107.012,58.3892,29.6538
5526,107.012,58.3892,29.6538
5527,107.012,58.3892,29.6538
5528,107.012,58.3892,29.6538
5529,107.012,58.3892,29.6538
5530,107.012,58.3892,29.6538
5531,107.012,58.3892,29.6538
5532,107.012,58.3892,29.6538
5533,107.012,58.3892,29.6538
5534,107.012,58.3892,29.6538
5535,107.012,58.3892,29.6538
5536,107.012,58.3892,29.6538
5537,107.012,58.3892,29.6538
5538,107.012,58.3892,29.6538
5539,107.012,58.3892,29.6538
5540,107.012,58.3892,29.6538
5541,107.012,58.3892,29.6538
5542,107.012,58.3892,29.6538
5543,107.012,58.3892,29.6538
5544,107.012,58.3892,29.6538
5545,107.012,58.3892,29.6538
5546,107.012,58.3892,29.6538
5547,107.012,58.3892,29.6538
5548,107.012,58.3892,29.6538
5549,107.012,58.3892,29.6538
5550,107.012,58.3892,29.6538
5551,107.012,58.3892,29.6538
5552,107.012,58.3892,29.6538
5553,107.012,58.3892,29.6538
5554,107.012,58.3892,29.6538
5555,107.012,58.3892,29.6538
5556,107.012,58.3892,29.6538
5557,107.012,58.3892,29.6538
5558,107.012,58.3892,29.6538
5559,107.012,58.3892,29.6538
5560,107.012,58.3892,29.6538
5561,107.012,58.3892,29.6538
5562,107.012,58.3892,29.6538
5563,107.012,58.3892,29.6538
5564,107.012,58.3892,29.6538
5565,107.012,58.3892,29.6538
5566,107.012,58.3892,29.6538
5567,107.012,58.3892,29.6538
5568,107.012,58.3892,29.6538
5569,107.012,58.3892,29.6538
5570,107.012,58.3892,29.6538
5571,107.012,58.3892,29.6538
5572,107.012,58.3892,29.6538
5573,107.012,58.3892,29.6538
5574,107.012,58.3892,29.6538
5575,107.012,58.3892,29.6538
5576,107.012,58.3892,29.6538
5577,107.012,58.3892,29.6538
5578,107.012,58.3892,29.6538
5579,107.012,58.3892,29.6538
5580,107.012,58.3892,29.6538
5581,107.012,58.3892,29.6538
5582,107.012,58.3892,29.6538
5583,107.012,58.3892,29.6538
5584,107.012,58.3892,29.6538
5585,107.012,58.3892,29.6538
5586,107.012,58.3892,29.6538
5587,107.012,58.3892,29.6538
5588,107.012,58.3892,29.6538
5589,107.012,58.3892,29.6538
5590,107.012,58.3892,29.6538
5591,107.012,58.3892,29.6538
5592,107.012,58.3892,29.6538
5593,107.012,58.3892,29.6538
5594,107.012,58.3892,29.6538
5595,107.012,58.3892,29.6538
5596,107.012,58.3892,29.6538
5597,107.012,58.3892,29.6538
5598,107.012,58.3892,29.6538
5599,107.012,58.3892,29.6538
5600,107.012,58.3892,29.6538
5601,107.012,58.3892,29.6538
5602,107.012,58.3892,29.6538
5603,107.012,58.3892,29.6538
5604,107.012,58.3892,29.6538
5605,107.012,58.3892,29.6538
5606,107.012,58.3892,29.6538
5607,107.012,58.3892,29.6538
5608,107.012,58.3892,29.6538
5609,107.012,58.3892,29.6538
5610,107.012,58.3892,29.6538
5611,107.012,58.3892,29.6538
5612,107.012,58.3892,29.6538
5613,107.012,58.3892,29.6538
5614,107.012,58.3892,29.6538
5615,107.012,58.3892,29.6538
5616,107.012,58.3892,29.6538
5617,107.012,58.3892,29.6538
5618,107.012,58.3892,29.6538
5619,107.012,58.3892,29.6538
5620,107.012,58.3892,29.6538
5621,107.012,58.3892,29.6538
5622,107.012,58.3892,29.6538
5623,107.012,58.3892,29.6538
5624,107.012,58.3892,29.6538
5625,107.012,58.3892,29.6538
5626,107.012,58.3892,29.6538
5627,107.012,58.3892,29.6538
5628,107.012,58.3892,29.6538
5629,107.012,58.3892,29.6538
5630,107.012,58.3892,29.6538
5631,107.012,58.3892,29.6538
5632,107.012,58.3892,29.6538
5633,107.012,58.3892,29.6538
5634,107.012,58.3892,29.6538
5635,107.012,58.3892,29.6538
5636,107.012,58.3892,29.6538
5637,107.012,58.3892,29.6538
5638,107.012,58.3892,29.6538
5639,107.012,58.3892,29.6538
5640,107.012,58.3892,29.6538
5641,107.012,58.3892,29.6538
5642,107.012,58.3892,29.6538
5643,107.012,58.3892,29.6538
5644,107.012,58.3892,29.6538
5645,107.012,58.3892,29.6538
5646,107.012,58.3892,29.6538
5647,107.012,58.3892,29.6538
5648,107.012,58.3892,29.6538
5649,107.012,58.3892,29.6538
5650,107.012,58.3892,29.6538
5651,107.012,58.3892,29.6538
5652,107.012,58.3892,29.6538
5653,107.012,58.3892,29.6538
5654,107.012,58.3892,29.6538
5655,107.012,58.3892,29.6538
5656,107.012,58.3892,29.6538
5657,107.012,58.3892,29.6538
5658,107.012,58.3892,29.6538
5659,107.012,58.3892,29.6538
5660,107.012,58.3892,29.6538
5661,107.012,58.3892,29.6538
5662,107.012,58.3892,29.6538
5663,107.012,58.3892,29.6538
5664,107.012,58.3892,29.6538
5665,107.012,58.3892,29.6538
5666,107.012,58.3892,29.6538
5667,107.012,58.3892,29.6538
5668,107.012,58.3892,29.6538
5669,107.012,58.3892,29.6538
5670,107.012,58.3892,29.6538
5671,107.012,58.3892,29.6538
5672,107.012,58.3892,29.6538
5673,107.012,58.3892,29.6538
5674,107.012,58.3892,29.6538
5675,107.012,58.3892,29.6538
5676,107.012,58.3892,29.6538
5677,107.012,58.3892,29.6538
5678,107.012,58.3892,29.6538
5679,107.012,58.3892,29.6538
5680,107.012,58.3892,29.6538
5681,107.012,58.3892,29.6538
5682,107.012,58.3892,29.6538
5683,107.012,58.3892,29.6538
5684,107.012,58.3892,29.6538
5685,107.012,58.3892,29.6538
5686,107.012,58.3892,29.6538
5687,107.012,58.3892,29.6538
5688,107.012,58.3892,29.6538
5689,107.012,58.3892,29.6538
5690,107.012,58.3892,29.6538
5691,107.012,58.3892,29.6538
5692,107.012,58.3892,29.6538
5693,107.012,58.3892,29.6538
5694,107.012,58.3892,29.6538
5695,107.012,58.3892,29.6538
5696,107.012,58.3892,29.6538
5697,107.012,58.3892,29.6538
5698,107.012,58.3892,29.6538
5699,107.012,58.3892,29.6538
5700,107.012,58.3892,29.6538
5701,107.012,58.3892,29.6538
5702,107.012,58.3892,29.6538
5703,107.012,58.3892,29.6538
5704,107.012,58.3892,29.6538
5705,107.012,58.3892,29.6538
5706,107.012,58.3892,29.6538
5707,107.012,58.3892,29.6538
5708,107.012,58.3892,29.6538
5709,107.012,58.3892,29.6538
5710,107.012,58.3892,29.6538
5711,107.012,58.3892,29.6538
5712,107.012,58.3892,29.6538
5713,107.012,58.3892,29.6538
5714,107.012,58.3892,29.6538
5715,107.012,58.3892,29.6538
5716,107.012,58.3892,29.6538
5717,107.012,58.3892,29.6538
5718,107.012,58.3892,29.6538
5719,107.012,58.3892,29.6538
5720,107.012,58.3892,29.6538
5721,107.012,58.3892,29.6538
5722,107.012,58.3892,29.6538
5723,107.012,58.3892,29.6538
5724,107.012,58.3892,29.6538
5725,107.012,58.3892,29.6538
5726,107.012,58.3892,29.6538
5727,107.012,58.3892,29.6538
5728,107.012,58.3892,29.6538
5729,107.012,58.3892,29.6538
5730,107.012,58.3892,29.6538
5731,107.012,58.3892,29.6538
5732,107.012,58.3892,29.6538
5733,107.012,58.3892,29.6538
5734,107.012,58.3892,29.6538
5735,107.012,58.3892,29.6538
5736,107.012,58.3892,29.6538
5737,107.012,58.3892,29.6538
5738,107.012,58.3892,29.6538
5739,107.012,58.3892,29.6538
5740,107.012,58.3892,29.6538
5741,107.012,58.3892,29.6538
5742,107.012,58.3892,29.6538
5743,107.012,58.3892,29.6538
5744,107.012,58.3892,29.6538
5745,107.012,58.3892,29.6538
5746,107.012,58.3892,29.6538
5747,107.012,58.3892,29.6538
5748,107.012,58.3892,29.6538
5749,107.012,58.3892,29.6538
5750,107.012,58.3892,29.6538
5751,107.012,58.3892,29.6538
5752,107.012,58.3892,29.6538
5753,107.012,58.3892,29.6538
5754,107.012,58.3892,29.6538
5755,107.012,58.3892,29.6538
5756,107.012,58.3892,29.6538
5757,107.012,58.3892,29.6538
5758,107.012,58.3892,29.6538
5759,107.012,58.3892,29.6538
5760,107.012,58.3892,29.6538
5761,107.012,58.3892,29.6538
5762,107.012,58.3892,29.6538
5763,107.012,58.3892,29.6538
5764,107.012,58.3892,29.6538
5765,107.012,58.3892,29.6538
5766,107.012,58.3892,29.6538
5767,107.012,58.3892,29.6538
5768,107.012,58.3892,29.6538
5769,107.012,58.3892,29.6538
5770,107.012,58.3892,29.6538
5771,107.012,58.3892,29.6538
5772,107.012,58.3892,29.6538
5773,107.012,58.3892,29.6538
5774,107.012,58.3892,29.6538
5775,107.012,58.3892,29.6538
5776,107.012,58.3892,29.6538
5777,107.012,58.3892,29.6538
5778,107.012,58.3892,29.6538
5779,107.012,58.3892,29.6538
5780,107.012,58.3892,29.6538
5781,107.012,58.3892,29.6538
5782,107.012,58.3892,29.6538
5783,107.012,58.3892,29.6538
5784,107.012,58.3892,29.6538
5785,107.012,58.3892,29.6538
5786,107.012,58.3892,29.6538
5787,107.012,58.3892,29.6538
5788,107.012,58.3892,29.6538
5789,107.012,58.3892,29.6538
5790,107.012,58.3892,29.6538
5791,107.012,58.3892,29.6538
5792,107.012,58.3892,29.6538
5793,107.012,58.3892,29.6538
5794,107.012,58.3892,29.6538
5795,107.012,58.3892,29.6538
5796,107.012,58.3892,29.6538
5797,107.012,58.3892,29.6538
5798,107.012,58.3892,29.6538
5799,107.012,58.3892,29.6538
5800,107.012,58.3892,29.6538
5801,107.012,58.3892,29.6538
5802,107.012,58.3892,29.6538
5803,107.012,58.3892,29.6538
5804,107.012,58.3892,29.6538
5805,107.012,58.3892,29.6538
5806,107.012,58.3892,29.6538
5807,107.012,58.3892,29.6538
5808,107.012,58.3892,29.6538
5809,107.012,58.3892,29.6538
5810,107.012,58.3892,29.6538
5811,107.012,58.3892,29.6538
5812,107.012,58.3892,29.6538
5813,107.012,58.3892,29.6538
5814,107.012,58.3892,29.6538
5815,107.012,58.3892,29.6538
5816,107.012,58.3892,29.6538
5817,107.012,58.3892,29.6538
5818,107.012,58.3892,29.6538
5819,107.012,58.3892,29.6538
5820,107.012,58.3892,29.6538
5821,107.012,58.3892,29.6538
5822,107.012,58.3892,29.6538
5823,107.012,58.3892,29.6538
5824,107.012,58.3892,29.6538
5825,107.012,58.3892,29.6538
5826,107.012,58.3892,29.6538
5827,107.012,58.3892,29.6538
5828,107.012,58.3892,29.6538
5829,107.012,58.3892,29.6538
5830,107.012,58.3892,29.6538
5831,107.012,58.3892,29.6538
5832,107.012,58.3892,29.6538
5833,107.288,57.52,31.0433
5834,107.288,57.52,31.0433
5835,107.288,57.52,31.0433
5836,107.288,57.52,31.0433
5837,107.288,57.52,31.0433
5838,107.288,57.52,31.0433
5839,107.288,57.52,31.0433
5840,107.288,57.52,31.0433
5841,107.288,57.52,31.0433
5842,107.288,57.52,31.0433
5843,107.288,57.52,31.0433
5844,107.288,57.52,31.0433
5845,107.288,57.52,31.0433
5846,107.288,57.52,31.0433
5847,107.288,57.52,31.0433
5848,107.288,57.52,31.0433
5849,107.288,57.52,31.0433
5850,107.288,57.52,31.0433
5851,107.288,57.52,31.0433
5852,107.288,57.52,31.0433
5853,107.288,57.52,31.0433
5854,107.288,57.52,31.0433
5855,107.288,57.52,31.0433
5856,107.288,57.52,31.0433
5857,107.288,57.52,31.0433
5858,107.288,57.52,31.0433
5859,107.288,57.52,31.0433
5860,107.288,57.52,31.0433
5861,107.288,57.52,31.0433
5862,107.288,57.52,31.0433
5863,107.288,57.52,31.0433
5864,107.288,57.52,31.0433
5865,107.288,57.52,31.0433
5866,107.288,57.52,31.0433
5867,107.288,57.52,31.0433
5868,107.288,57.52,31.0433
5869,107.288,57.52,31.0433
5870,107.288,57.52,31.0433
5871,107.288,57.52,31.0433
5872,107.288,57.52,31.0433
5873,107.288,57.52,31.0433
5874,107.288,57.52,31.0433
5875,107.288,57.52,31.0433
5876,107.288,57.52,31.0433
5877,107.288,57.52,31.0433
5878,107.288,57.52,31.0433
5879,107.288,57.52,31.0433
5880,107.288,57.52,31.0433
5881,107.288,57.52,31.0433
5882,107.288,57.52,31.0433
5883,107.288,57.52,31.0433
5884,107.288,57.52,31.0433
5885,107.288,57.52,31.0433
5886,107.288,57.52,31.0433
5887,107.288,57.52,31.0433
5888,107.288,57.52,31.0433
5889,107.288,57.52,31.0433
5890,107.288,57.52,31.0433
5891,107.288,57.52,31.0433
5892,107.288,57.52,31.0433
5893,107.288,57.52,31.0433
5894,107.288,57.52,31.0433
5895,107.288,57.52,31.0433
5896,107.288,57.52,31.0433
5897,107.288,57.52,31.0433
5898,107.288,57.52,31.0433
5899,107.288,57.52,31.0433
5900,107.288,57.52,31.0433
5901,107.288,57.52,31.0433
5902,107.288,57.52,31.0433
5903,107.288,57.52,31.0433
5904,107.288,57.52,31.0433
5905,107.288,57.52,31.0433
5906,107.288,57.52,31.0433
5907,107.288,57.52,31.0433
5908,107.288,57.52,31.0433
5909,107.288,57.52,31.0433
5910,107.288,57.52,31.0433
5911,107.288,57.52,31.0433
5912,107.288,57.52,31.0433
5913,107.288,57.52,31.0433
5914,107.288,57.52,31.0433
5915,107.288,57.52,31.0433
5916,107.288,57.52,31.0433
5917,107.288,57.52,31.0433
5918,107.288,57.52,31.0433
5919,107.288,57.52,31.0433
5920,107.288,57.52,31.0433
5921,107.288,57.52,31.0433
5922,107.288,57.52,31.0433
5923,107.288,57.52,31.0433
5924,107.288,57.52,31.0433
5925,107.288,57.52,31.0433
5926,107.288,57.52,31.0433
5927,107.288,57.52,31.0433
5928,107.288,57.52,31.0433
5929,107.288,57.52,31.0433
5930,107.288,57.52,31.0433
5931,107.288,57.52,31.0433
5932,107.288,57.52,31.0433
5933,107.288,57.52,31.0433
5934,107.288,57.52,31.0433
5935,107.288,57.52,31.0433
5936,107.288,57.52,31.0433
5937,107.288,57.52,31.0433
5938,107.288,57.52,31.0433
5939,107.288,57.52,31.0433
5940,107.288,57.52,31.0433
5941,107.288,57.52,31.0433
5942,107.288,57.52,31.0433
5943,107.288,57.52,31.0433
5944,107.288,57.52,31.0433
5945,107.288,57.52,31.0433
5946,107.288,57.52,31.0433
5947,107.288,57.52,31.0433
5948,107.288,57.52,31.0433
5949,107.288,57.52,31.0433
5950,107.288,57.52,31.0433
5951,107.288,57.52,31.0433
5952,107.288,57.52,31.0433
5953,107.288,57.52,31.0433
5954,107.288,57.52,31.0433
5955,107.288,57.52,31.0433
5956,107.288,57.52,31.0433
5957,107.288,57.52,31.0433
5958,107.288,57.52,31.0433
5959,107.288,57.52,31.0433
5960,107.288,57.52,31.0433
5961,107.288,57.52,31.0433
5962,107.288,57.52,31.0433
5963,107.288,57.52,31.0433
5964,107.288,57.52,31.0433
5965,107.288,57.52,31.0433
5966,107.288,57.52,31.0433
5967,107.288,57.52,31.0433
5968,107.288,57.52,31.0433
5969,107.288,57.52,31.0433
5970,107.288,57.52,31.0433
5971,107.288,57.52,31.0433
5972,107.288,57.52,31.0433
5973,107.288,57.52,31.0433
5974,107.288,57.52,31.0433
5975,107.288,57.52,31.0433
5976,107.288,57.52,31.0433
5977,107.288,57.52,31.0433
5978,107.288,57.52,31.0433
5979,107.288,57.52,31.0433
5980,107.288,57.52,31.0433
5981,107.288,57.52,31.0433
5982,107.288,57.52,31.0433
5983,107.288,57.52,31.0433
5984,107.288,57.52,31.0433
5985,107.288,57.52,31.0433
5986,107.288,57.52,31.0433
5987,107.288,57.52,31.0433
5988,107.288,57.52,31.0433
5989,107.288,57.52,31.0433
5990,107.288,57.52,31.0433
5991,107.288,57.52,31.0433
5992,107.288,57.52,31.0433
5993,107.288,57.52,31.0433
5994,107.288,57.52,31.0433
5995,107.288,57.52,31.0433
5996,107.288,57.52,31.0433
5997,107.288,57.52,31.0433
5998,107.288,57.52,31.0433
5999,107.288,57.52,31.0433
6000,107.288,57.52,31.0433
6001,107.288,57.52,31.0433
6002,107.288,57.52,31.0433
6003,107.288,57.52,31.0433
6004,107.288,57.52,31.0433
6005,107.288,57.52,31.0433
6006,107.288,57.52,31.0433
6007,107.288,57.52,31.0433
6008,107.288,57.52,31.0433
6009,107.288,57.52,31.0433
6010,107.288,57.52,31.0433
6011,107.288,57.52,31.0433
6012,107.288,57.52,31.0433
6013,107.288,57.52,31.0433
6014,107.288,57.52,31.0433
6015,107.288,57.52,31.0433
6016,107.288,57.52,31.0433
6017,107.288,57.52,31.0433
6018,107.288,57.52,31.0433
6019,107.288,57.52,31.0433
6020,107.288,57.52,31.0433
6021,107.288,57.52,31.0433
6022,107.288,57.52,31.0433
6023,107.288,57.52,31.0433
6024,107.288,57.52,31.0433
6025,107.288,57.52,31.0433
6026,107.288,57.52,31.0433
6027,107.288,57.52,31.0433
6028,107.288,57.52,31.0433
6029,107.288,57.52,31.0433
6030,107.288,57.52,31.0433
6031,107.288,57.52,31.0433
6032,107.288,57.52,31.0433
6033,107.288,57.52,31.0433
6034,107.288,57.52,31.0433
6035,107.288,57.52,31.0433
6036,107.288,57.52,31.0433
6037,107.288,57.52,31.0433
6038,107.288,57.52,31.0433
6039,107.288,57.52,31.0433
6040,107.288,57.52,31.0433
6041,107.288,57.52,31.0433
6042,107.288,57.52,31.0433
6043,107.288,57.52,31.0433
6044,107.288,57.52,31.0433
6045,107.288,57.52,31.0433
6046,107.288,57.52,31.0433
6047,107.288,57.52,31.0433
6048,107.288,57.52,31.0433
6049,107.288,57.52,31.0433
6050,107.288,57.52,31.0433
6051,107.288,57.52,31.0433
6052,107.288,57.52,31.0433
6053,107.288,57.52,31.0433
6054,107.288,57.52,31.0433
6055,107.288,57.52,31.0433
6056,107.288,57.52,31.0433
6057,107.288,57.52,31.0433
6058,107.288,57.52,31.0433
6059,107.288,57.52,31.0433
6060,107.288,57.52,31.0433
6061,107.288,57.52,31.0433
6062,107.288,57.52,31.0433
6063,107.288,57.52,31.0433
6064,107.288,57.52,31.0433
6065,107.288,57.52,31.0433
6066,107.288,57.52,31.0433
6067,107.288,57.52,31.0433
6068,107.288,57.52,31.0433
6069,107.288,57.52,31.0433
6070,107.288,57.52,31.0433
6071,107.288,57.52,31.0433
6072,107.288,57.52,31.0433
6073,107.288,57.52,31.0433
6074,107.288,57.52,31.0433
6075,107.288,57.52,31.0433
6076,107.288,57.52,31.0433
6077,107.288,57.52,31.0433
6078,107.288,57.52,31.0433
6079,107.288,57.52,31.0433
6080,107.288,57.52,31.0433
6081,107.288,57.52,31.0433
6082,107.288,57.52,31.0433
6083,107.288,57.52,31.0433
6084,107.288,57.52,31.0433
6085,107.288,57.52,31.0433
6086,107.288,57.52,31.0433
6087,107.288,57.52,31.0433
6088,107.288,57.52,31.0433
6089,107.288,57.52,31.0433
6090,107.288,57.52,31.0433
6091,107.288,57.52,31.0433
6092,107.288,57.52,31.0433
6093,107.288,57.52,31.0433
6094,107.288,57.52,31.0433
6095,107.288,57.52,31.0433
6096,107.288,57.52,31.0433
6097,107.288,57.52,31.0433
6098,107.288,57.52,31.0433
6099,107.288,57.52,31.0433
6100,107.288,57.52,31.0433
6101,107.288,57.52,31.0433
6102,107.288,57.52,31.0433
6103,107.288,57.52,31.0433
6104,107.288,57.52,31.0433
6105,107.288,57.52,31.0433
6106,107.288,57.52,31.0433
6107,107.288,57.52,31.0433
6108,107.288,57.52,31.0433
6109,107.288,57.52,31.0433
6110,107.288,57.52,31.0433
6111,107.288,57.52,31.0433
6112,107.288,57.52,31.0433
6113,107.288,57.52,31.0433
6114,107.288,57.52,31.0433
6115,107.288,57.52,31.0433
6116,107.288,57.52,31.0433
6117,107.288,57.52,31.0433
6118,107.288,57.52,31.0433
6119,107.288,57.52,31.0433
6120,107.288,57.52,31.0433
6121,107.288,57.52,31.0433
6122,107.288,57.52,31.0433
6123,107.288,57.52,31.0433
6124,107.288,57.52,31.0433
6125,107.288,57.52,31.0433
6126,107.288,57.52,31.0433
6127,107.288,57.52,31.0433
6128,107.288,57.52,31.0433
6129,107.288,57.52,31.0433
6130,107.288,57.52,31.0433
6131,107.288,57.52,31.0433
6132,107.288,57.52,31.0433
6133,107.288,57.52,31.0433
6134,107.288,57.52,31.0433
6135,107.288,57.52,31.0433
6136,107.288,57.52,31.0433
6137,107.288,57.52,31.0433
6138,107.288,57.52,31.0433
6139,107.288,57.52,31.0433
6140,107.288,57.52,31.0433
6141,107.288,57.52,31.0433
6142,107.288,57.52,31.0433
6143,107.288,57.52,31.0433
6144,107.288,57.52,31.0433
6145,107.288,57.52,31.0433
6146,107.288,57.52,31.0433
6147,107.288,57.52,31.0433
6148,107.288,57.52,31.0433
6149,107.288,57.52,31.0433
6150,107.288,57.52,31.0433
6151,107.288,57.52,31.0433
6152,107.288,57.52,31.0433
6153,107.288,57.52,31.0433
6154,107.288,57.52,31.0433
6155,107.288,57.52,31.0433
6156,107.288,57.52,31.0433
6157,107.288,57.52,31.0433
6158,107.288,57.52,31.0433
6159,107.288,57.52,31.0433
6160,107.288,57.52,31.0433
6161,107.288,57.52,31.0433
6162,107.288,57.52,31.0433
6163,107.288,57.52,31.0433
6164,107.288,57.52,31.0433
6165,107.288,57.52,31.0433
6166,107.288,57.52,31.0433
6167,107.288,57.52,31.0433
6168,107.288,57.52,31.0433
6169,107.288,57.52,31.0433
6170,107.288,57.52,31.0433
6171,107.288,57.52,31.0433
6172,107.288,57.52,31.0433
6173,107.288,57.52,31.0433
6174,107.288,57.52,31.0433
6175,107.288,57.52,31.0433
6176,107.288,57.52,31.0433
6177,107.288,57.52,31.0433
6178,107.288,57.52,31.0433
6179,107.288,57.52,31.0433
6180,107.288,57.52,31.0433
6181,107.288,57.52,31.0433
6182,107.288,57.52,31.0433
6183,107.288,57.52,31.0433
6184,107.288,57.52,31.0433
6185,107.288,57.52,31.0433
6186,107.288,57.52,31.0433
6187,107.288,57.52,31.0433
6188,107.288,57.52,31.0433
6189,107.288,57.52,31.0433
6190,107.288,57.52,31.0433
6191,107.288,57.52,31.0433
6192,107.288,57.52,31.0433
6193,107.288,57.52,31.0433
6194,107.288,57.52,31.0433
6195,107.288,57.52,31.0433
6196,107.288,57.52,31.0433
6197,107.288,57.52,31.0433
6198,107.288,57.52,31.0433
6199,107.288,57.52,31.0433
6200,107.288,57.52,31.0433
6201,107.288,57.52,31.0433
6202,107.288,57.52,31.0433
6203,107.288,57.52,31.0433
6204,107.288,57.52,31.0433
6205,107.288,57.52,31.0433
6206,107.288,57.52,31.0433
6207,107.288,57.52,31.0433
6208,107.288,57.52,31.0433
6209,107.288,57.52,31.0433
6210,107.288,57.52,31.0433
6211,107.288,57.52,31.0433
6212,107.288,57.52,31.0433
6213,107.288,57.52,31.0433
6214,107.288,57.52,31.0433
6215,107.288,57.52,31.0433
6216,107.288,57.52,31.0433
6217,107.288,57.52,31.0433
6218,107.288,57.52,31.0433
6219,107.288,57.52,31.0433
6220,107.288,57.52,31.0433
6221,107.288,57.52,31.0433
6222,107.288,57.52,31.0433
6223,107.288,57.52,31.0433
6224,107.288,57.52,31.0433
6225,107.288,57.52,31.0433
6226,107.288,57.52,31.0433
6227,107.288,57.52,31.0433
6228,107.288,57.52,31.0433
6229,107.288,57.52,31.0433
6230,107.288,57.52,31.0433
6231,107.288,57.52,31.0433
6232,107.288,57.52,31.0433
6233,107.288,57.52,31.0433
6234,107.288,57.52,31.0433
6235,107.288,57.52,31.0433
6236,107.288,57.52,31.0433
6237,107.288,57.52,31.0433
6238,107.288,57.52,31.0433
6239,107.288,57.52,31.0433
6240,107.288,57.52,31.0433
6241,107.288,57.52,31.0433
6242,107.288,57.52,31.0433
6243,107.288,57.52,31.0433
6244,107.288,57.52,31.0433
6245,107.288,57.52,31.0433
6246,107.288,57.52,31.0433
6247,107.288,57.52,31.0433
6248,107.288,57.52,31.0433
6249,107.288,57.52,31.0433
6250,107.288,57.52,31.0433
6251,107.288,57.52,31.0433
6252,107.288,57.52,31.0433
6253,107.288,57.52,31.0433
6254,107.288,57.52,31.0433
6255,107.288,57.52,31.0433
6256,107.288,57.52,31.0433
6257,107.288,57.52,31.0433
6258,107.288,57.52,31.0433
6259,107.288,57.52,31.0433
6260,107.288,57.52,31.0433
6261,107.288,57.52,31.0433
6262,107.288,57.52,31.0433
6263,107.288,57.52,31.0433
6264,107.288,57.52,31.0433
6265,107.288,57.52,31.0433
6266,107.288,57.52,31.0433
6267,107.288,57.52,31.0433
6268,107.288,57.52,31.0433
6269,107.288,57.52,31.0433
6270,107.288,57.52,31.0433
6271,107.288,57.52,31.0433
6272,107.288,57.52,31.0433
6273,107.288,57.52,31.0433
6274,107.288,57.52,31.0433
6275,107.288,57.52,31.0433
6276,107.288,57.52,31.0433
6277,107.288,57.52,31.0433
6278,107.288,57.52,31.0433
6279,107.288,57.52,31.0433
6280,107.288,57.52,31.0433
6281,107.288,57.52,31.0433
6282,107.288,57.52,31.0433
6283,107.288,57.52,31.0433
6284,107.288,57.52,31.0433
6285,107.288,57.52,31.0433
6286,107.288,57.52,31.0433
6287,107.288,57.52,31.0433
6288,107.288,57.52,31.0433
6289,107.288,57.52,31.0433
6290,107.288,57.52,31.0433
6291,107.288,57.52,31.0433
6292,107.288,57.52,31.0433
6293,107.288,57.52,31.0433
6294,107.288,57.52,31.0433
6295,107.288,57.52,31.0433
6296,107.288,57.52,31.0433
6297,107.288,57.52,31.0433
6298,107.288,57.52,31.0433
6299,107.288,57.52,31.0433
6300,107.288,57.52,31.0433
6301,107.288,57.52,31.0433
6302,107.288,57.52,31.0433
6303,107.288,57.52,31.0433
6304,107.288,57.52,31.0433
6305,107.288,57.52,31.0433
6306,107.288,57.52,31.0433
6307,107.288,57.52,31.0433
6308,107.288,57.52,31.0433
6309,107.288,57.52,31.0433
6310,107.288,57.52,31.0433
6311,107.288,57.52,31.0433
6312,107.288,57.52,31.0433
6313,107.288,57.52,31.0433
6314,107.288,57.52,31.0433
6315,107.288,57.52,31.0433
6316,107.288,57.52,31.0433
6317,107.288,57.52,31.0433
6318,107.288,57.52,31.0433
6319,107.288,57.52,31.0433
6320,107.288,57.52,31.0433
6321,107.288,57.52,31.0433
6322,107.288,57.52,31.0433
6323,107.288,57.52,31.0433
6324,107.288,57.52,31.0433
6325,107.288,57.52,31.0433
6326,107.288,57.52,31.0433
6327,107.288,57.52,31.0433
6328,107.288,57.52,31.0433
6329,107.288,57.52,31.0433
6330,107.288,57.52,31.0433
6331,107.288,57.52,31.0433
6332,107.288,57.52,31.0433
6333,107.288,57.52,31.0433
6334,107.288,57.52,31.0433
6335,107.288,57.52,31.0433
6336,107.288,57.52,31.0433
6337,107.288,57.52,31.0433
6338,107.288,57.52,31.0433
6339,107.288,57.52,31.0433
6340,107.288,57.52,31.0433
6341,107.288,57.52,31.0433
6342,107.288,57.52,31.0433
6343,107.288,57.52,31.0433
6344,107.288,57.52,31.0433
6345,107.288,57.52,31.0433
6346,107.288,57.52,31.0433
6347,107.288,57.52,31.0433
6348,107.288,57.52,31.0433
6349,107.288,57.52,31.0433
6350,107.288,57.52,31.0433
6351,107.288,57.52,31.0433
6352,107.288,57.52,31.0433
6353,107.288,57.52,31.0433
6354,107.288,57.52,31.0433
6355,107.288,57.52,31.0433
6356,107.288,57.52,31.0433
6357,107.288,57.52,31.0433
6358,107.288,57.52,31.0433
6359,107.288,57.52,31.0433
6360,107.288,57.52,31.0433
6361,107.288,57.52,31.0433
6362,107.288,57.52,31.0433
6363,107.288,57.52,31.0433
6364,107.288,57.52,31.0433
6365,107.288,57.52,31.0433
6366,107.288,57.52,31.0433
6367,107.288,57.52,31.0433
6368,107.288,57.52,31.0433
6369,107.288,57.52,31.0433
6370,107.288,57.52,31.0433
6371,107.288,57.52,31.0433
6372,107.288,57.52,31.0433
6373,107.288,57.52,31.0433
6374,107.288,57.52,31.0433
6375,107.288,57.52,31.0433
6376,107.288,57.52,31.0433
6377,107.288,57.52,31.0433
6378,107.288,57.52,31.0433
6379,107.288,57.52,31.0433
6380,107.288,57.52,31.0433
6381,107.288,57.52,31.0433
6382,107.288,57.52,31.0433
6383,107.288,57.52,31.0433
6384,107.288,57.52,31.0433
6385,107.288,57.52,31.0433
6386,107.288,57.52,31.0433
6387,107.288,57.52,31.0433
6388,107.288,57.52,31.0433
6389,107.288,57.52,31.0433
6390,107.288,57.52,31.0433
6391,107.288,57.52,31.0433
6392,107.288,57.52,31.0433
6393,107.288,57.52,31.0433
6394,107.288,57.52,31.0433
6395,107.288,57.52,31.0433
6396,107.288,57.52,31.0433
6397,107.288,57.52,31.0433
6398,107.288,57.52,31.0433
6399,107.288,57.52,31.0433
6400,107.288,57.52,31.0433
6401,107.288,57.52,31.0433
6402,107.288,57.52,31.0433
6403,107.288,57.52,31.0433
6404,107.288,57.52,31.0433
6405,107.288,57.52,31.0433
6406,107.288,57.52,31.0433
6407,107.288,57.52,31.0433
6408,107.288,57.52,31.0433
6409,107.288,57.52,31.0433
6410,107.288,57.52,31.0433
6411,107.288,57.52,31.0433
6412,107.288,57.52,31.0433
6413,107.288,57.52,31.0433
6414,107.288,57.52,31.0433
6415,107.288,57.52,31.0433
6416,107.288,57.52,31.0433
6417,107.288,57.52,31.0433
6418,107.288,57.52,31.0433
6419,107.288,57.52,31.0433
6420,107.288,57.52,31.0433
6421,107.288,57.52,31.0433
6422,107.288,57.52,31.0433
6423,107.288,57.52,31.0433
6424,107.288,57.52,31.0433
6425,107.288,57.52,31.0433
6426,107.288,57.52,31.0433
6427,107.288,57.52,31.0433
6428,107.288,57.52,31.0433
6429,107.288,57.52,31.0433
6430,107.288,57.52,31.0433
6431,107.288,57.52,31.0433
6432,107.288,57.52,31.0433
6433,107.288,57.52,31.0433
6434,107.288,57.52,31.0433
6435,107.288,57.52,31.0433
6436,107.288,57.52,31.0433
6437,107.288,57.52,31.0433
6438,107.288,57.52,31.0433
6439,107.288,57.52,31.0433
6440,107.288,57.52,31.0433
6441,107.288,57.52,31.0433
6442,107.288,57.52,31.0433
6443,107.288,57.52,31.0433
6444,107.288,57.52,31.0433
6445,107.288,57.52,31.0433
6446,107.288,57.52,31.0433
6447,107.288,57.52,31.0433
6448,107.288,57.52,31.0433
6449,107.288,57.52,31.0433
6450,107.288,57.52,31.0433
6451,107.288,57.52,31.0433
6452,107.288,57.52,31.0433
6453,107.288,57.52,31.0433
6454,107.288,57.52,31.0433
6455,107.288,57.52,31.0433
6456,107.288,57.52,31.0433
6457,107.288,57.52,31.0433
6458,107.288,57.52,31.0433
6459,107.288,57.52,31.0433
6460,107.288,57.52,31.0433
6461,107.288,57.52,31.0433
6462,107.288,57.52,31.0433
6463,107.288,57.52,31.0433
6464,107.288,57.52,31.0433
6465,107.288,57.52,31.0433
6466,107.288,57.52,31.0433
6467,107.288,57.52,31.0433
6468,107.288,57.52,31.0433
6469,107.288,57.52,31.0433
6470,107.288,57.52,31.0433
6471,107.288,57.52,31.0433
6472,107.288,57.52,31.0433
6473,107.288,57.52,31.0433
6474,107.288,57.52,31.0433
6475,107.288,57.52,31.0433
6476,107.288,57.52,31.0433
6477,107.288,57.52,31.0433
6478,107.288,57.52,31.0433
6479,107.288,57.52,31.0433
6480,107.288,57.52,31.0433
6481,107.288,57.52,31.0433
6482,107.288,57.52,31.0433
6483,107.288,57.52,31.0433
6484,107.288,57.52,31.0433
6485,107.288,57.52,31.0433
6486,107.288,57.52,31.0433
6487,107.288,57.52,31.0433
6488,107.288,57.52,31.0433
6489,107.288,57.52,31.0433
6490,107.288,57.52,31.0433
6491,107.288,57.52,31.0433
6492,107.288,57.52,31.0433
6493,107.288,57.52,31.0433
6494,107.288,57.52,31.0433
6495,107.288,57.52,31.0433
6496,107.288,57.52,31.0433
6497,107.288,57.52,31.0433
6498,107.288,57.52,31.0433
6499,107.288,57.52,31.0433
6500,107.288,57.52,31.0433
6501,107.288,57.52,31.0433
6502,107.288,57.52,31.0433
6503,107.288,57.52,31.0433
6504,107.288,57.52,31.0433
6505,107.288,57.52,31.0433
6506,107.288,57.52,31.0433
6507,107.288,57.52,31.0433
6508,107.288,57.52,31.0433
6509,107.288,57.52,31.0433
6510,107.288,57.52,31.0433
6511,107.288,57.52,31.0433
6512,107.288,57.52,31.0433
6513,107.288,57.52,31.0433
6514,107.288,57.52,31.0433
6515,107.288,57.52,31.0433
6516,107.288,57.52,31.0433
6517,107.288,57.52,31.0433
6518,107.288,57.52,31.0433
6519,107.288,57.52,31.0433
6520,107.288,57.52,31.0433
6521,107.288,57.52,31.0433
6522,107.288,57.52,31.0433
6523,107.288,57.52,31.0433
6524,107.288,57.52,31.0433
6525,107.288,57.52,31.0433
6526,107.288,57.52,31.0433
6527,107.288,57.52,31.0433
6528,107.288,57.52,31.0433
6529,107.288,57.52,31.0433
6530,107.288,57.52,31.0433
6531,107.288,57.52,31.0433
6532,107.288,57.52,31.0433
6533,107.288,57.52,31.0433
6534,107.288,57.52,31.0433
6535,107.288,57.52,31.0433
6536,107.288,57.52,31.0433
6537,107.288,57.52,31.0433
6538,107.288,57.52,31.0433
6539,107.288,57.52,31.0433
6540,107.288,57.52,31.0433
6541,107.288,57.52,31.0433
6542,107.288,57.52,31.0433
6543,107.288,57.52,31.0433
6544,107.288,57.52,31.0433
6545,107.288,57.52,31.0433
6546,107.288,57.52,31.0433
6547,107.288,57.52,31.0433
6548,107.288,57.52,31.0433
6549,107.288,57.52,31.0433
6550,107.288,57.52,31.0433
6551,107.288,57.52,31.0433
6552,107.288,57.52,31.0433
6553,105.881,59.1602,30.5075
6554,105.881,59.1602,30.5075
6555,105.881,59.1602,30.5075
6556,105.881,59.1602,30.5075
6557,105.881,59.1602,30.5075
6558,105.881,59.1602,30.5075
6559,105.881,59.1602,30.5075
6560,105.881,59.1602,30.5075
6561,105.881,59.1602,30.5075
6562,105.881,59.1602,30.5075
6563,105.881,59.1602,30.5075
6564,105.881,59.1602,30.5075
6565,105.881,59.1602,30.5075
6566,105.881,59.1602,30.5075
6567,105.881,59.1602,30.5075
6568,105.881,59.1602,30.5075
6569,105.881,59.1602,30.5075
6570,105.881,59.1602,30.5075
6571,105.881,59.1602,30.5075
6572,105.881,59.1602,30.5075
6573,105.881,59.1602,30.5075
6574,105.881,59.1602,30.5075
6575,105.881,59.1602,30.5075
6576,105.881,59.1602,30.5075
6577,105.881,59.1602,30.5075
6578,105.881,59.1602,30.5075
6579,105.881,59.1602,30.5075
6580,105.881,59.1602,30.5075
6581,105.881,59.1602,30.5075
6582,105.881,59.1602,30.5075
6583,105.881,59.1602,30.5075
6584,105.881,59.1602,30.5075
6585,105.881,59.1602,30.5075
6586,105.881,59.1602,30.5075
6587,105.881,59.1602,30.5075
6588,105.881,59.1602,30.5075
6589,105.881,59.1602,30.5075
6590,105.881,59.1602,30.5075
6591,105.881,59.1602,30.5075
6592,105.881,59.1602,30.5075
6593,105.881,59.1602,30.5075
6594,105.881,59.1602,30.5075
6595,105.881,59.1602,30.5075
6596,105.881,59.1602,30.5075
6597,105.881,59.1602,30.5075
6598,105.881,59.1602,30.5075
6599,105.881,59.1602,30.5075
6600,105.881,59.1602,30.5075
6601,105.881,59.1602,30.5075
6602,105.881,59.1602,30.5075
6603,105.881,59.1602,30.5075
6604,105.881,59.1602,30.5075
6605,105.881,59.1602,30.5075
6606,105.881,59.1602,30.5075
6607,105.881,59.1602,30.5075
6608,105.881,59.1602,30.5075
6609,105.881,59.1602,30.5075
6610,105.881,59.1602,30.5075
6611,105.881,59.1602,30.5075
6612,105.881,59.1602,30.5075
6613,105.881,59.1602,30.5075
6614,105.881,59.1602,30.5075
6615,105.881,59.1602,30.5075
6616,105.881,59.1602,30.5075
6617,105.881,59.1602,30.5075
6618,105.881,59.1602,30.5075
6619,105.881,59.1602,30.5075
6620,105.881,59.1602,30.5075
6621,105.881,59.1602,30.5075
6622,105.881,59.1602,30.5075
6623,105.881,59.1602,30.5075
6624,105.881,59.1602,30.5075
6625,105.881,59.1602,30.5075
6626,105.881,59.1602,30.5075
6627,105.881,59.1602,30.5075
6628,105.881,59.1602,30.5075
6629,105.881,59.1602,30.5075
6630,105.881,59.1602,30.5075
6631,105.881,59.1602,30.5075
6632,105.881,59.1602,30.5075
6633,105.881,59.1602,30.5075
6634,105.881,59.1602,30.5075
6635,105.881,59.1602,30.5075
6636,105.881,59.1602,30.5075
6637,105.881,59.1602,30.5075
6638,105.881,59.1602,30.5075
6639,105.881,59.1602,30.5075
6640,105.881,59.1602,30.5075
6641,105.881,59.1602,30.5075
6642,105.881,59.1602,30.5075
6643,105.881,59.1602,30.5075
6644,105.881,59.1602,30.5075
6645,105.881,59.1602,30.5075
6646,105.881,59.1602,30.5075
6647,105.881,59.1602,30.5075
6648,105.881,59.1602,30.5075
6649,105.881,59.1602,30.5075
6650,105.881,59.1602,30.5075
6651,105.881,59.1602,30.5075
6652,105.881,59.1602,30.5075
6653,105.881,59.1602,30.5075
6654,105.881,59.1602,30.5075
6655,105.881,59.1602,30.5075
6656,105.881,59.1602,30.5075
6657,105.881,59.1602,30.5075
6658,105.881,59.1602,30.5075
6659,105.881,59.1602,30.5075
6660,105.881,59.1602,30.5075
6661,105.881,59.1602,30.5075
6662,105.881,59.1602,30.5075
6663,105.881,59.1602,30.5075
6664,105.881,59.1602,30.5075
6665,105.881,59.1602,30.5075
6666,105.881,59.1602,30.5075
6667,105.881,59.1602,30.5075
6668,105.881,59.1602,30.5075
6669,105.881,59.1602,30.5075
6670,105.881,59.1602,30.5075
6671,105.881,59.1602,30.5075
6672,105.881,59.1602,30.5075
6673,105.881,59.1602,30.5075
6674,105.881,59.1602,30.5075
6675,105.881,59.1602,30.5075
6676,105.881,59.1602,30.5075
6677,105.881,59.1602,30.5075
6678,105.881,59.1602,30.5075
6679,105.881,59.1602,30.5075
6680,105.881,59.1602,30.5075
6681,105.881,59.1602,30.5075
6682,105.881,59.1602,30.5075
6683,105.881,59.1602,30.5075
6684,105.881,59.1602,30.5075
6685,105.881,59.1602,30.5075
6686,105.881,59.1602,30.5075
6687,105.881,59.1602,30.5075
6688,105.881,59.1602,30.5075
6689,105.881,59.1602,30.5075
6690,105.881,59.1602,30.5075
6691,105.881,59.1602,30.5075
6692,105.881,59.1602,30.5075
6693,105.881,59.1602,30.5075
6694,105.881,59.1602,30.5075
6695,105.881,59.1602,30.5075
6696,105.881,59.1602,30.5075
6697,105.881,59.1602,30.5075
6698,105.881,59.1602,30.5075
6699,105.881,59.1602,30.5075
6700,105.881,59.1602,30.5075
6701,105.881,59.1602,30.5075
6702,105.881,59.1602,30.5075
6703,105.881,59.1602,30.5075
6704,105.881,59.1602,30.5075
6705,105.881,59.1602,30.5075
6706,105.881,59.1602,30.5075
6707,105.881,59.1602,30.5075
6708,105.881,59.1602,30.5075
6709,105.881,59.1602,30.5075
6710,105.881,59.1602,30.5075
6711,105.881,59.1602,30.5075
6712,105.881,59.1602,30.5075
6713,105.881,59.1602,30.5075
6714,105.881,59.1602,30.5075
6715,105.881,59.1602,30.5075
6716,105.881,59.1602,30.5075
6717,105.881,59.1602,30.5075
6718,105.881,59.1602,30.5075
6719,105.881,59.1602,30.5075
6720,105.881,59.1602,30.5075
6721,105.881,59.1602,30.5075
6722,105.881,59.1602,30.5075
6723,105.881,59.1602,30.5075
6724,105.881,59.1602,30.5075
6725,105.881,59.1602,30.5075
6726,105.881,59.1602,30.5075
6727,105.881,59.1602,30.5075
6728,105.881,59.1602,30.5075
6729,105.881,59.1602,30.5075
6730,105.881,59.1602,30.5075
6731,105.881,59.1602,30.5075
6732,105.881,59.1602,30.5075
6733,105.881,59.1602,30.5075
6734,105.881,59.1602,30.5075
6735,105.881,59.1602,30.5075
6736,105.881,59.1602,30.5075
6737,105.881,59.1602,30.5075
6738,105.881,59.1602,30.5075
6739,105.881,59.1602,30.5075
6740,105.881,59.1602,30.5075
6741,105.881,59.1602,30.5075
6742,105.881,59.1602,30.5075
6743,105.881,59.1602,30.5075
6744,105.881,59.1602,30.5075
6745,105.881,59.1602,30.5075
6746,105.881,59.1602,30.5075
6747,105.881,59.1602,30.5075
6748,105.881,59.1602,30.5075
6749,105.881,59.1602,30.5075
6750,105.881,59.1602,30.5075
6751,105.881,59.1602,30.5075
6752,105.881,59.1602,30.5075
6753,105.881,59.1602,30.5075
6754,105.881,59.1602,30.5075
6755,105.881,59.1602,30.5075
6756,105.881,59.1602,30.5075
6757,105.881,59.1602,30.5075
6758,105.881,59.1602,30.5075
6759,105.881,59.1602,30.5075
6760,105.881,59.1602,30.5075
6761,105.881,59.1602,30.5075
6762,105.881,59.1602,30.5075
6763,105.881,59.1602,30.5075
6764,105.881,59.1602,30.5075
6765,105.881,59.1602,30.5075
6766,105.881,59.1602,30.5075
6767,105.881,59.1602,30.5075
6768,105.881,59.1602,30.5075
6769,105.881,59.1602,30.5075
6770,105.881,59.1602,30.5075
6771,105.881,59.1602,30.5075
6772,105.881,59.1602,30.5075
6773,105.881,59.1602,30.5075
6774,105.881,59.1602,30.5075
6775,105.881,59.1602,30.5075
6776,105.881,59.1602,30.5075
6777,105.881,59.1602,30.5075
6778,105.881,59.1602,30.5075
6779,105.881,59.1602,30.5075
6780,105.881,59.1602,30.5075
6781,105.881,59.1602,30.5075
6782,105.881,59.1602,30.5075
6783,105.881,59.1602,30.5075
6784,105.881,59.1602,30.5075
6785,105.881,59.1602,30.5075
6786,105.881,59.1602,30.5075
6787,105.881,59.1602,30.5075
6788,105.881,59.1602,30.5075
6789,105.881,59.1602,30.5075
6790,105.881,59.1602,30.5075
6791,105.881,59.1602,30.5075
6792,105.881,59.1602,30.5075
6793,105.881,59.1602,30.5075
6794,105.881,59.1602,30.5075
6795,105.881,59.1602,30.5075
6796,105.881,59.1602,30.5075
6797,105.881,59.1602,30.5075
6798,105.881,59.1602,30.5075
6799,105.881,59.1602,30.5075
6800,105.881,59.1602,30.5075
6801,105.881,59.1602,30.5075
6802,105.881,59.1602,30.5075
6803,105.881,59.1602,30.5075
6804,105.881,59.1602,30.5075
6805,105.881,59.1602,30.5075
6806,105.881,59.1602,30.5075
6807,105.881,59.1602,30.5075
6808,105.881,59.1602,30.5075
6809,105.881,59.1602,30.5075
6810,105.881,59.1602,30.5075
6811,105.881,59.1602,30.5075
6812,105.881,59.1602,30.5075
6813,105.881,59.1602,30.5075
6814,105.881,59.1602,30.5075
6815,105.881,59.1602,30.5075
6816,105.881,59.1602,30.5075
6817,105.881,59.1602,30.5075
6818,105.881,59.1602,30.5075
6819,105.881,59.1602,30.5075
6820,105.881,59.1602,30.5075
6821,105.881,59.1602,30.5075
6822,105.881,59.1602,30.5075
6823,105.881,59.1602,30.5075
6824,105.881,59.1602,30.5075
6825,105.881,59.1602,30.5075
6826,105.881,59.1602,30.5075
6827,105.881,59.1602,30.5075
6828,105.881,59.1602,30.5075
6829,105.881,59.1602,30.5075
6830,105.881,59.1602,30.5075
6831,105.881,59.1602,30.5075
6832,105.881,59.1602,30.5075
6833,105.881,59.1602,30.5075
6834,105.881,59.1602,30.5075
6835,105.881,59.1602,30.5075
6836,105.881,59.1602,30.5075
6837,105.881,59.1602,30.5075
6838,105.881,59.1602,30.5075
6839,105.881,59.1602,30.5075
6840,105.881,59.1602,30.5075
6841,105.881,59.1602,30.5075
6842,105.881,59.1602,30.5075
6843,105.881,59.1602,30.5075
6844,105.881,59.1602,30.5075
6845,105.881,59.1602,30.5075
6846,105.881,59.1602,30.5075
6847,105.881,59.1602,30.5075
6848,105.881,59.1602,30.5075
6849,105.881,59.1602,30.5075
6850,105.881,59.1602,30.5075
6851,105.881,59.1602,30.5075
6852,105.881,59.1602,30.5075
6853,105.881,59.1602,30.5075
6854,105.881,59.1602,30.5075
6855,105.881,59.1602,30.5075
6856,105.881,59.1602,30.5075
6857,105.881,59.1602,30.5075
6858,105.881,59.1602,30.5075
6859,105.881,59.1602,30.5075
6860,105.881,59.1602,30.5075
6861,105.881,59.1602,30.5075
6862,105.881,59.1602,30.5075
6863,105.881,59.1602,30.5075
6864,105.881,59.1602,30.5075
6865,105.881,59.1602,30.5075
6866,105.881,59.1602,30.5075
6867,105.881,59.1602,30.5075
6868,105.881,59.1602,30.5075
6869,105.881,59.1602,30.5075
6870,105.881,59.1602,30.5075
6871,105.881,59.1602,30.5075
6872,105.881,59.1602,30.5075
6873,105.881,59.1602,30.5075
6874,105.881,59.1602,30.5075
6875,105.881,59.1602,30.5075
6876,105.881,59.1602,30.5075
6877,105.881,59.1602,30.5075
6878,105.881,59.1602,30.5075
6879,105.881,59.1602,30.5075
6880,105.881,59.1602,30.5075
6881,105.881,59.1602,30.5075
6882,105.881,59.1602,30.5075
6883,105.881,59.1602,30.5075
6884,105.881,59.1602,30.5075
6885,105.881,59.1602,30.5075
6886,105.881,59.1602,30.5075
6887,105.881,59.1602,30.5075
6888,105.881,59.1602,30.5075
6889,105.881,59.1602,30.5075
6890,105.881,59.1602,30.5075
6891,105.881,59.1602,30.5075
6892,105.881,59.1602,30.5075
6893,105.881,59.1602,30.5075
6894,105.881,59.1602,30.5075
6895,105.881,59.1602,30.5075
6896,105.881,59.1602,30.5075
6897,105.881,59.1602,30.5075
6898,105.881,59.1602,30.5075
6899,105.881,59.1602,30.5075
6900,105.881,59.1602,30.5075
6901,105.881,59.1602,30.5075
6902,105.881,59.1602,30.5075
6903,105.881,59.1602,30.5075
6904,105.881,59.1602,30.5075
6905,105.881,59.1602,30.5075
6906,105.881,59.1602,30.5075
6907,105.881,59.1602,30.5075
6908,105.881,59.1602,30.5075
6909,105.881,59.1602,30.5075
6910,105.881,59.1602,30.5075
6911,105.881,59.1602,30.5075
6912,105.881,59.1602,30.5075
6913,105.881,59.1602,30.5075
6914,105.881,59.1602,30.5075
6915,105.881,59.1602,30.5075
6916,105.881,59.1602,30.5075
6917,105.881,59.1602,30.5075
6918,105.881,59.1602,30.5075
6919,105.881,59.1602,30.5075
6920,105.881,59.1602,30.5075
6921,105.881,59.1602,30.5075
6922,105.881,59.1602,30.5075
6923,105.881,59.1602,30.5075
6924,105.881,59.1602,30.5075
6925,105.881,59.1602,30.5075
6926,105.881,59.1602,30.5075
6927,105.881,59.1602,30.5075
6928,105.881,59.1602,30.5075
6929,105.881,59.1602,30.5075
6930,105.881,59.1602,30.5075
6931,105.881,59.1602,30.5075
6932,105.881,59.1602,30.5075
6933,105.881,59.1602,30.5075
6934,105.881,59.1602,30.5075
6935,105.881,59.1602,30.5075
6936,105.881,59.1602,30.5075
6937,105.881,59.1602,30.5075
6938,105.881,59.1602,30.5075
6939,105.881,59.1602,30.5075
6940,105.881,59.1602,30.5075
6941,105.881,59.1602,30.5075
6942,105.881,59.1602,30.5075
6943,105.881,59.1602,30.5075
6944,105.881,59.1602,30.5075
6945,105.881,59.1602,30.5075
6946,105.881,59.1602,30.5075
6947,105.881,59.1602,30.5075
6948,105.881,59.1602,30.5075
6949,105.881,59.1602,30.5075
6950,105.881,59.1602,30.5075
6951,105.881,59.1602,30.5075
6952,105.881,59.1602,30.5075
6953,105.881,59.1602,30.5075
6954,105.881,59.1602,30.5075
6955,105.881,59.1602,30.5075
6956,105.881,59.1602,30.5075
6957,105.881,59.1602,30.5075
6958,105.881,59.1602,30.5075
6959,105.881,59.1602,30.5075
6960,105.881,59.1602,30.5075
6961,105.881,59.1602,30.5075
6962,105.881,59.1602,30.5075
6963,105.881,59.1602,30.5075
6964,105.881,59.1602,30.5075
6965,105.881,59.1602,30.5075
6966,105.881,59.1602,30.5075
6967,105.881,59.1602,30.5075
6968,105.881,59.1602,30.5075
6969,105.881,59.1602,30.5075
6970,105.881,59.1602,30.5075
6971,105.881,59.1602,30.5075
6972,105.881,59.1602,30.5075
6973,105.881,59.1602,30.5075
6974,105.881,59.1602,30.5075
6975,105.881,59.1602,30.5075
6976,105.881,59.1602,30.5075
6977,105.881,59.1602,30.5075
6978,105.881,59.1602,30.5075
6979,105.881,59.1602,30.5075
6980,105.881,59.1602,30.5075
6981,105.881,59.1602,30.5075
6982,105.881,59.1602,30.5075
6983,105.881,59.1602,30.5075
6984,105.881,59.1602,30.5075
6985,105.881,59.1602,30.5075
6986,105.881,59.1602,30.5075
6987,105.881,59.1602,30.5075
6988,105.881,59.1602,30.5075
6989,105.881,59.1602,30.5075
6990,105.881,59.1602,30.5075
6991,105.881,59.1602,30.5075
6992,105.881,59.1602,30.5075
6993,105.881,59.1602,30.5075
6994,105.881,59.1602,30.5075
6995,105.881,59.1602,30.5075
6996,105.881,59.1602,30.5075
6997,105.881,59.1602,30.5075
6998,105.881,59.1602,30.5075
6999,105.881,59.1602,30.5075
7000,105.881,59.1602,30.5075
7001,105.881,59.1602,30.5075
7002,105.881,59.1602,30.5075
7003,105.881,59.1602,30.5075
7004,105.881,59.1602,30.5075
7005,105.881,59.1602,30.5075
7006,105.881,59.1602,30.5075
7007,105.881,59.1602,30.5075
7008,105.881,59.1602,30.5075
7009,105.881,59.1602,30.5075
7010,105.881,59.1602,30.5075
7011,105.881,59.1602,30.5075
7012,105.881,59.1602,30.5075
7013,105.881,59.1602,30.5075
7014,105.881,59.1602,30.5075
7015,105.881,59.1602,30.5075
7016,105.881,59.1602,30.5075
7017,105.881,59.1602,30.5075
7018,105.881,59.1602,30.5075
7019,105.881,59.1602,30.5075
7020,105.881,59.1602,30.5075
7021,105.881,59.1602,30.5075
7022,105.881,59.1602,30.5075
7023,105.881,59.1602,30.5075
7024,105.881,59.1602,30.5075
7025,105.881,59.1602,30.5075
7026,105.881,59.1602,30.5075
7027,105.881,59.1602,30.5075
7028,105.881,59.1602,30.5075
7029,105.881,59.1602,30.5075
7030,105.881,59.1602,30.5075
7031,105.881,59.1602,30.5075
7032,105.881,59.1602,30.5075
7033,105.881,59.1602,30.5075
7034,105.881,59.1602,30.5075
7035,105.881,59.1602,30.5075
7036,105.881,59.1602,30.5075
7037,105.881,59.1602,30.5075
7038,105.881,59.1602,30.5075
7039,105.881,59.1602,30.5075
7040,105.881,59.1602,30.5075
7041,105.881,59.1602,30.5075
7042,105.881,59.1602,30.5075
7043,105.881,59.1602,30.5075
7044,105.881,59.1602,30.5075
7045,105.881,59.1602,30.5075
7046,105.881,59.1602,30.5075
7047,105.881,59.1602,30.5075
7048,105.881,59.1602,30.5075
7049,105.881,59.1602,30.5075
7050,105.881,59.1602,30.5075
7051,105.881,59.1602,30.5075
7052,105.881,59.1602,30.5075
7053,105.881,59.1602,30.5075
7054,105.881,59.1602,30.5075
7055,105.881,59.1602,30.5075
7056,105.881,59.1602,30.5075
7057,105.881,59.1602,30.5075
7058,105.881,59.1602,30.5075
7059,105.881,59.1602,30.5075
7060,105.881,59.1602,30.5075
7061,105.881,59.1602,30.5075
7062,105.881,59.1602,30.5075
7063,105.881,59.1602,30.5075
7064,105.881,59.1602,30.5075
7065,105.881,59.1602,30.5075
7066,105.881,59.1602,30.5075
7067,105.881,59.1602,30.5075
7068,105.881,59.1602,30.5075
7069,105.881,59.1602,30.5075
7070,105.881,59.1602,30.5075
7071,105.881,59.1602,30.5075
7072,105.881,59.1602,30.5075
7073,105.881,59.1602,30.5075
7074,105.881,59.1602,30.5075
7075,105.881,59.1602,30.5075
7076,105.881,59.1602,30.5075
7077,105.881,59.1602,30.5075
7078,105.881,59.1602,30.5075
7079,105.881,59.1602,30.5075
7080,105.881,59.1602,30.5075
7081,105.881,59.1602,30.5075
7082,105.881,59.1602,30.5075
7083,105.881,59.1602,30.5075
7084,105.881,59.1602,30.5075
7085,105.881,59.1602,30.5075
7086,105.881,59.1602,30.5075
7087,105.881,59.1602,30.5075
7088,105.881,59.1602,30.5075
7089,105.881,59.1602,30.5075
7090,105.881,59.1602,30.5075
7091,105.881,59.1602,30.5075
7092,105.881,59.1602,30.5075
7093,105.881,59.1602,30.5075
7094,105.881,59.1602,30.5075
7095,105.881,59.1602,30.5075
7096,105.881,59.1602,30.5075
7097,105.881,59.1602,30.5075
7098,105.881,59.1602,30.5075
7099,105.881,59.1602,30.5075
7100,105.881,59.1602,30.5075
7101,105.881,59.1602,30.5075
7102,105.881,59.1602,30.5075
7103,105.881,59.1602,30.5075
7104,105.881,59.1602,30.5075
7105,105.881,59.1602,30.5075
7106,105.881,59.1602,30.5075
7107,105.881,59.1602,30.5075
7108,105.881,59.1602,30.5075
7109,105.881,59.1602,30.5075
7110,105.881,59.1602,30.5075
7111,105.881,59.1602,30.5075
7112,105.881,59.1602,30.5075
7113,105.881,59.1602,30.5075
7114,105.881,59.1602,30.5075
7115,105.881,59.1602,30.5075
7116,105.881,59.1602,30.5075
7117,105.881,59.1602,30.5075
7118,105.881,59.1602,30.5075
7119,105.881,59.1602,30.5075
7120,105.881,59.1602,30.5075
7121,105.881,59.1602,30.5075
7122,105.881,59.1602,30.5075
7123,105.881,59.1602,30.5075
7124,105.881,59.1602,30.5075
7125,105.881,59.1602,30.5075
7126,105.881,59.1602,30.5075
7127,105.881,59.1602,30.5075
7128,105.881,59.1602,30.5075
7129,105.881,59.1602,30.5075
7130,105.881,59.1602,30.5075
7131,105.881,59.1602,30.5075
7132,105.881,59.1602,30.5075
7133,105.881,59.1602,30.5075
7134,105.881,59.1602,30.5075
7135,105.881,59.1602,30.5075
7136,105.881,59.1602,30.5075
7137,105.881,59.1602,30.5075
7138,105.881,59.1602,30.5075
7139,105.881,59.1602,30.5075
7140,105.881,59.1602,30.5075
7141,105.881,59.1602,30.5075
7142,105.881,59.1602,30.5075
7143,105.881,59.1602,30.5075
7144,105.881,59.1602,30.5075
7145,105.881,59.1602,30.5075
7146,105.881,59.1602,30.5075
7147,105.881,59.1602,30.5075
7148,105.881,59.1602,30.5075
7149,105.881,59.1602,30.5075
7150,105.881,59.1602,30.5075
7151,105.881,59.1602,30.5075
7152,105.881,59.1602,30.5075
7153,105.881,59.1602,30.5075
7154,105.881,59.1602,30.5075
7155,105.881,59.1602,30.5075
7156,105.881,59.1602,30.5075
7157,105.881,59.1602,30.5075
7158,105.881,59.1602,30.5075
7159,105.881,59.1602,30.5075
7160,105.881,59.1602,30.5075
7161,105.881,59.1602,30.5075
7162,105.881,59.1602,30.5075
7163,105.881,59.1602,30.5075
7164,105.881,59.1602,30.5075
7165,105.881,59.1602,30.5075
7166,105.881,59.1602,30.5075
7167,105.881,59.1602,30.5075
7168,105.881,59.1602,30.5075
7169,105.881,59.1602,30.5075
7170,105.881,59.1602,30.5075
7171,105.881,59.1602,30.5075
7172,105.881,59.1602,30.5075
7173,105.881,59.1602,30.5075
7174,105.881,59.1602,30.5075
7175,105.881,59.1602,30.5075
7176,105.881,59.1602,30.5075
7177,105.881,59.1602,30.5075
7178,105.881,59.1602,30.5075
7179,105.881,59.1602,30.5075
7180,105.881,59.1602,30.5075
7181,105.881,59.1602,30.5075
7182,105.881,59.1602,30.5075
7183,105.881,59.1602,30.5075
7184,105.881,59.1602,30.5075
7185,105.881,59.1602,30.5075
7186,105.881,59.1602,30.5075
7187,105.881,59.1602,30.5075
7188,105.881,59.1602,30.5075
7189,105.881,59.1602,30.5075
7190,105.881,59.1602,30.5075
7191,105.881,59.1602,30.5075
7192,105.881,59.1602,30.5075
7193,105.881,59.1602,30.5075
7194,105.881,59.1602,30.5075
7195,105.881,59.1602,30.5075
7196,105.881,59.1602,30.5075
7197,105.881,59.1602,30.5075
7198,105.881,59.1602,30.5075
7199,105.881,59.1602,30.5075
7200,105.881,59.1602,30.5075
7201,105.881,59.1602,30.5075
7202,105.881,59.1602,30.5075
7203,105.881,59.1602,30.5075
7204,105.881,59.1602,30.5075
7205,105.881,59.1602,30.5075
7206,105.881,59.1602,30.5075
7207,105.881,59.1602,30.5075
7208,105.881,59.1602,30.5075
7209,105.881,59.1602,30.5075
7210,105.881,59.1602,30.5075
7211,105.881,59.1602,30.5075
7212,105.881,59.1602,30.5075
7213,105.881,59.1602,30.5075
7214,105.881,59.1602,30.5075
7215,105.881,59.1602,30.5075
7216,105.881,59.1602,30.5075
7217,105.881,59.1602,30.5075
7218,105.881,59.1602,30.5075
7219,105.881,59.1602,30.5075
7220,105.881,59.1602,30.5075
7221,105.881,59.1602,30.5075
7222,105.881,59.1602,30.5075
7223,105.881,59.1602,30.5075
7224,105.881,59.1602,30.5075
7225,105.881,59.1602,30.5075
7226,105.881,59.1602,30.5075
7227,105.881,59.1602,30.5075
7228,105.881,59.1602,30.5075
7229,105.881,59.1602,30.5075
7230,105.881,59.1602,30.5075
7231,105.881,59.1602,30.5075
7232,105.881,59.1602,30.5075
7233,105.881,59.1602,30.5075
7234,105.881,59.1602,30.5075
7235,105.881,59.1602,30.5075
7236,105.881,59.1602,30.5075
7237,105.881,59.1602,30.5075
7238,105.881,59.1602,30.5075
7239,105.881,59.1602,30.5075
7240,105.881,59.1602,30.5075
7241,105.881,59.1602,30.5075
7242,105.881,59.1602,30.5075
7243,105.881,59.1602,30.5075
7244,105.881,59.1602,30.5075
7245,105.881,59.1602,30.5075
7246,105.881,59.1602,30.5075
7247,105.881,59.1602,30.5075
7248,105.881,59.1602,30.5075
7249,105.881,59.1602,30.5075
7250,105.881,59.1602,30.5075
7251,105.881,59.1602,30.5075
7252,105.881,59.1602,30.5075
7253,105.881,59.1602,30.5075
7254,105.881,59.1602,30.5075
7255,105.881,59.1602,30.5075
7256,105.881,59.1602,30.5075
7257,105.881,59.1602,30.5075
7258,105.881,59.1602,30.5075
7259,105.881,59.1602,30.5075
7260,105.881,59.1602,30.5075
7261,105.881,59.1602,30.5075
7262,105.881,59.1602,30.5075
7263,105.881,59.1602,30.5075
7264,105.881,59.1602,30.5075
7265,105.881,59.1602,30.5075
7266,105.881,59.1602,30.5075
7267,105.881,59.1602,30.5075
7268,105.881,59.1602,30.5075
7269,105.881,59.1602,30.5075
7270,105.881,59.1602,30.5075
7271,105.881,59.1602,30.5075
7272,105.881,59.1602,30.5075
7273,105.881,59.1602,30.5075
7274,105.881,59.1602,30.5075
7275,105.881,59.1602,30.5075
7276,105.881,59.1602,30.5075
7277,105.881,59.1602,30.5075
7278,105.881,59.1602,30.5075
7279,105.881,59.1602,30.5075
7280,105.881,59.1602,30.5075
7281,105.881,59.1602,30.5075
7282,105.881,59.1602,30.5075
7283,105.881,59.1602,30.5075
7284,105.881,59.1602,30.5075
7285,105.881,59.1602,30.5075
7286,105.881,59.1602,30.5075
7287,105.881,59.1602,30.5075
7288,105.881,59.1602,30.5075
7289,105.881,59.1602,30.5075
7290,105.881,59.1602,30.5075
7291,105.881,59.1602,30.5075
7292,105.881,59.1602,30.5075
7293,105.881,59.1602,30.5075
7294,105.881,59.1602,30.5075
7295,105.881,59.1602,30.5075
7296,105.881,59.1602,30.5075
7297,111.712,58.1,27.4311
7298,111.712,58.1,27.4311
7299,111.712,58.1,27.4311
7300,111.712,58.1,27.4311
7301,111.712,58.1,27.4311
7302,111.712,58.1,27.4311
7303,111.712,58.1,27.4311
7304,111.712,58.1,27.4311
7305,111.712,58.1,27.4311
7306,111.712,58.1,27.4311
7307,111.712,58.1,27.4311
7308,111.712,58.1,27.4311
7309,111.712,58.1,27.4311
7310,111.712,58.1,27.4311
7311,111.712,58.1,27.4311
7312,111.712,58.1,27.4311
7313,111.712,58.1,27.4311
7314,111.712,58.1,27.4311
7315,111.712,58.1,27.4311
7316,111.712,58.1,27.4311
7317,111.712,58.1,27.4311
7318,111.712,58.1,27.4311
7319,111.712,58.1,27.4311
7320,111.712,58.1,27.4311
7321,111.712,58.1,27.4311
7322,111.712,58.1,27.4311
7323,111.712,58.1,27.4311
7324,111.712,58.1,27.4311
7325,111.712,58.1,27.4311
7326,111.712,58.1,27.4311
7327,111.712,58.1,27.4311
7328,111.712,58.1,27.4311
7329,111.712,58.1,27.4311
7330,111.712,58.1,27.4311
7331,111.712,58.1,27.4311
7332,111.712,58.1,27.4311
7333,111.712,58.1,27.4311
7334,111.712,58.1,27.4311
7335,111.712,58.1,27.4311
7336,111.712,58.1,27.4311
7337,111.712,58.1,27.4311
7338,111.712,58.1,27.4311
7339,111.712,58.1,27.4311
7340,111.712,58.1,27.4311
7341,111.712,58.1,27.4311
7342,111.712,58.1,27.4311
7343,111.712,58.1,27.4311
7344,111.712,58.1,27.4311
7345,111.712,58.1,27.4311
7346,111.712,58.1,27.4311
7347,111.712,58.1,27.4311
7348,111.712,58.1,27.4311
7349,111.712,58.1,27.4311
7350,111.712,58.1,27.4311
7351,111.712,58.1,27.4311
7352,111.712,58.1,27.4311
7353,111.712,58.1,27.4311
7354,111.712,58.1,27.4311
7355,111.712,58.1,27.4311
7356,111.712,58.1,27.4311
7357,111.712,58.1,27.4311
7358,111.712,58.1,27.4311
7359,111.712,58.1,27.4311
7360,111.712,58.1,27.4311
7361,111.712,58.1,27.4311
7362,111.712,58.1,27.4311
7363,111.712,58.1,27.4311
7364,111.712,58.1,27.4311
7365,111.712,58.1,27.4311
7366,111.712,58.1,27.4311
7367,111.712,58.1,27.4311
7368,111.712,58.1,27.4311
7369,111.712,58.1,27.4311
7370,111.712,58.1,27.4311
7371,111.712,58.1,27.4311
7372,111.712,58.1,27.4311
7373,111.712,58.1,27.4311
7374,111.712,58.1,27.4311
7375,111.712,58.1,27.4311
7376,111.712,58.1,27.4311
7377,111.712,58.1,27.4311
7378,111.712,58.1,27.4311
7379,111.712,58.1,27.4311
7380,111.712,58.1,27.4311
7381,111.712,58.1,27.4311
7382,111.712,58.1,27.4311
7383,111.712,58.1,27.4311
7384,111.712,58.1,27.4311
7385,111.712,58.1,27.4311
7386,111.712,58.1,27.4311
7387,111.712,58.1,27.4311
7388,111.712,58.1,27.4311
7389,111.712,58.1,27.4311
7390,111.712,58.1,27.4311
7391,111.712,58.1,27.4311
7392,111.712,58.1,27.4311
7393,111.712,58.1,27.4311
7394,111.712,58.1,27.4311
7395,111.712,58.1,27.4311
7396,111.712,58.1,27.4311
7397,111.712,58.1,27.4311
7398,111.712,58.1,27.4311
7399,111.712,58.1,27.4311
7400,111.712,58.1,27.4311
7401,111.712,58.1,27.4311
7402,111.712,58.1,27.4311
7403,111.712,58.1,27.4311
7404,111.712,58.1,27.4311
7405,111.712,58.1,27.4311
7406,111.712,58.1,27.4311
7407,111.712,58.1,27.4311
7408,111.712,58.1,27.4311
7409,111.712,58.1,27.4311
7410,111.712,58.1,27.4311
7411,111.712,58.1,27.4311
7412,111.712,58.1,27.4311
7413,111.712,58.1,27.4311
7414,111.712,58.1,27.4311
7415,111.712,58.1,27.4311
7416,111.712,58.1,27.4311
7417,111.712,58.1,27.4311
7418,111.712,58.1,27.4311
7419,111.712,58.1,27.4311
7420,111.712,58.1,27.4311
7421,111.712,58.1,27.4311
7422,111.712,58.1,27.4311
7423,111.712,58.1,27.4311
7424,111.712,58.1,27.4311
7425,111.712,58.1,27.4311
7426,111.712,58.1,27.4311
7427,111.712,58.1,27.4311
7428,111.712,58.1,27.4311
7429,111.712,58.1,27.4311
7430,111.712,58.1,27.4311
7431,111.712,58.1,27.4311
7432,111.712,58.1,27.4311
7433,111.712,58.1,27.4311
7434,111.712,58.1,27.4311
7435,111.712,58.1,27.4311
7436,111.712,58.1,27.4311
7437,111.712,58.1,27.4311
7438,111.712,58.1,27.4311
7439,111.712,58.1,27.4311
7440,111.712,58.1,27.4311
7441,111.712,58.1,27.4311
7442,111.712,58.1,27.4311
7443,111.712,58.1,27.4311
7444,111.712,58.1,27.4311
7445,111.712,58.1,27.4311
7446,111.712,58.1,27.4311
7447,111.712,58.1,27.4311
7448,111.712,58.1,27.4311
7449,111.712,58.1,27.4311
7450,111.712,58.1,27.4311
7451,111.712,58.1,27.4311
7452,111.712,58.1,27.4311
7453,111.712,58.1,27.4311
7454,111.712,58.1,27.4311
7455,111.712,58.1,27.4311
7456,111.712,58.1,27.4311
7457,111.712,58.1,27.4311
7458,111.712,58.1,27.4311
7459,111.712,58.1,27.4311
7460,111.712,58.1,27.4311
7461,111.712,58.1,27.4311
7462,111.712,58.1,27.4311
7463,111.712,58.1,27.4311
7464,111.712,58.1,27.4311
7465,111.712,58.1,27.4311
7466,111.712,58.1,27.4311
7467,111.712,58.1,27.4311
7468,111.712,58.1,27.4311
7469,111.712,58.1,27.4311
7470,111.712,58.1,27.4311
7471,111.712,58.1,27.4311
7472,111.712,58.1,27.4311
7473,111.712,58.1,27.4311
7474,111.712,58.1,27.4311
7475,111.712,58.1,27.4311
7476,111.712,58.1,27.4311
7477,111.712,58.1,27.4311
7478,111.712,58.1,27.4311
7479,111.712,58.1,27.4311
7480,111.712,58.1,27.4311
7481,111.712,58.1,27.4311
7482,111.712,58.1,27.4311
7483,111.712,58.1,27.4311
7484,111.712,58.1,27.4311
7485,111.712,58.1,27.4311
7486,111.712,58.1,27.4311
7487,111.712,58.1,27.4311
7488,111.712,58.1,27.4311
7489,111.712,58.1,27.4311
7490,111.712,58.1,27.4311
7491,111.712,58.1,27.4311
7492,111.712,58.1,27.4311
7493,111.712,58.1,27.4311
7494,111.712,58.1,27.4311
7495,111.712,58.1,27.4311
7496,111.712,58.1,27.4311
7497,111.712,58.1,27.4311
7498,111.712,58.1,27.4311
7499,111.712,58.1,27.4311
7500,111.712,58.1,27.4311
7501,111.712,58.1,27.4311
7502,111.712,58.1,27.4311
7503,111.712,58.1,27.4311
7504,111.712,58.1,27.4311
7505,111.712,58.1,27.4311
7506,111.712,58.1,27.4311
7507,111.712,58.1,27.4311
7508,111.712,58.1,27.4311
7509,111.712,58.1,27.4311
7510,111.712,58.1,27.4311
7511,111.712,58.1,27.4311
7512,111.712,58.1,27.4311
7513,111.712,58.1,27.4311
7514,111.712,58.1,27.4311
7515,111.712,58.1,27.4311
7516,111.712,58.1,27.4311
7517,111.712,58.1,27.4311
7518,111.712,58.1,27.4311
7519,111.712,58.1,27.4311
7520,111.712,58.1,27.4311
7521,111.712,58.1,27.4311
7522,111.712,58.1,27.4311
7523,111.712,58.1,27.4311
7524,111.712,58.1,27.4311
7525,111.712,58.1,27.4311
7526,111.712,58.1,27.4311
7527,111.712,58.1,27.4311
7528,111.712,58.1,27.4311
7529,111.712,58.1,27.4311
7530,111.712,58.1,27.4311
7531,111.712,58.1,27.4311
7532,111.712,58.1,27.4311
7533,111.712,58.1,27.4311
7534,111.712,58.1,27.4311
7535,111.712,58.1,27.4311
7536,111.712,58.1,27.4311
7537,111.712,58.1,27.4311
7538,111.712,58.1,27.4311
7539,111.712,58.1,27.4311
7540,111.712,58.1,27.4311
7541,111.712,58.1,27.4311
7542,111.712,58.1,27.4311
7543,111.712,58.1,27.4311
7544,111.712,58.1,27.4311
7545,111.712,58.1,27.4311
7546,111.712,58.1,27.4311
7547,111.712,58.1,27.4311
7548,111.712,58.1,27.4311
7549,111.712,58.1,27.4311
7550,111.712,58.1,27.4311
7551,111.712,58.1,27.4311
7552,111.712,58.1,27.4311
7553,111.712,58.1,27.4311
7554,111.712,58.1,27.4311
7555,111.712,58.1,27.4311
7556,111.712,58.1,27.4311
7557,111.712,58.1,27.4311
7558,111.712,58.1,27.4311
7559,111.712,58.1,27.4311
7560,111.712,58.1,27.4311
7561,111.712,58.1,27.4311
7562,111.712,58.1,27.4311
7563,111.712,58.1,27.4311
7564,111.712,58.1,27.4311
7565,111.712,58.1,27.4311
7566,111.712,58.1,27.4311
7567,111.712,58.1,27.4311
7568,111.712,58.1,27.4311
7569,111.712,58.1,27.4311
7570,111.712,58.1,27.4311
7571,111.712,58.1,27.4311
7572,111.712,58.1,27.4311
7573,111.712,58.1,27.4311
7574,111.712,58.1,27.4311
7575,111.712,58.1,27.4311
7576,111.712,58.1,27.4311
7577,111.712,58.1,27.4311
7578,111.712,58.1,27.4311
7579,111.712,58.1,27.4311
7580,111.712,58.1,27.4311
7581,111.712,58.1,27.4311
7582,111.712,58.1,27.4311
7583,111.712,58.1,27.4311
7584,111.712,58.1,27.4311
7585,111.712,58.1,27.4311
7586,111.712,58.1,27.4311
7587,111.712,58.1,27.4311
7588,111.712,58.1,27.4311
7589,111.712,58.1,27.4311
7590,111.712,58.1,27.4311
7591,111.712,58.1,27.4311
7592,111.712,58.1,27.4311
7593,111.712,58.1,27.4311
7594,111.712,58.1,27.4311
7595,111.712,58.1,27.4311
7596,111.712,58.1,27.4311
7597,111.712,58.1,27.4311
7598,111.712,58.1,27.4311
7599,111.712,58.1,27.4311
7600,111.712,58.1,27.4311
7601,111.712,58.1,27.4311
7602,111.712,58.1,27.4311
7603,111.712,58.1,27.4311
7604,111.712,58.1,27.4311
7605,111.712,58.1,27.4311
7606,111.712,58.1,27.4311
7607,111.712,58.1,27.4311
7608,111.712,58.1,27.4311
7609,111.712,58.1,27.4311
7610,111.712,58.1,27.4311
7611,111.712,58.1,27.4311
7612,111.712,58.1,27.4311
7613,111.712,58.1,27.4311
7614,111.712,58.1,27.4311
7615,111.712,58.1,27.4311
7616,111.712,58.1,27.4311
7617,111.712,58.1,27.4311
7618,111.712,58.1,27.4311
7619,111.712,58.1,27.4311
7620,111.712,58.1,27.4311
7621,111.712,58.1,27.4311
7622,111.712,58.1,27.4311
7623,111.712,58.1,27.4311
7624,111.712,58.1,27.4311
7625,111.712,58.1,27.4311
7626,111.712,58.1,27.4311
7627,111.712,58.1,27.4311
7628,111.712,58.1,27.4311
7629,111.712,58.1,27.4311
7630,111.712,58.1,27.4311
7631,111.712,58.1,27.4311
7632,111.712,58.1,27.4311
7633,111.712,58.1,27.4311
7634,111.712,58.1,27.4311
7635,111.712,58.1,27.4311
7636,111.712,58.1,27.4311
7637,111.712,58.1,27.4311
7638,111.712,58.1,27.4311
7639,111.712,58.1,27.4311
7640,111.712,58.1,27.4311
7641,111.712,58.1,27.4311
7642,111.712,58.1,27.4311
7643,111.712,58.1,27.4311
7644,111.712,58.1,27.4311
7645,111.712,58.1,27.4311
7646,111.712,58.1,27.4311
7647,111.712,58.1,27.4311
7648,111.712,58.1,27.4311
7649,111.712,58.1,27.4311
7650,111.712,58.1,27.4311
7651,111.712,58.1,27.4311
7652,111.712,58.1,27.4311
7653,111.712,58.1,27.4311
7654,111.712,58.1,27.4311
7655,111.712,58.1,27.4311
7656,111.712,58.1,27.4311
7657,111.712,58.1,27.4311
7658,111.712,58.1,27.4311
7659,111.712,58.1,27.4311
7660,111.712,58.1,27.4311
7661,111.712,58.1,27.4311
7662,111.712,58.1,27.4311
7663,111.712,58.1,27.4311
7664,111.712,58.1,27.4311
7665,111.712,58.1,27.4311
7666,111.712,58.1,27.4311
7667,111.712,58.1,27.4311
7668,111.712,58.1,27.4311
7669,111.712,58.1,27.4311
7670,111.712,58.1,27.4311
7671,111.712,58.1,27.4311
7672,111.712,58.1,27.4311
7673,111.712,58.1,27.4311
7674,111.712,58.1,27.4311
7675,111.712,58.1,27.4311
7676,111.712,58.1,27.4311
7677,111.712,58.1,27.4311
7678,111.712,58.1,27.4311
7679,111.712,58.1,27.4311
7680,111.712,58.1,27.4311
7681,111.712,58.1,27.4311
7682,111.712,58.1,27.4311
7683,111.712,58.1,27.4311
7684,111.712,58.1,27.4311
7685,111.712,58.1,27.4311
7686,111.712,58.1,27.4311
7687,111.712,58.1,27.4311
7688,111.712,58.1,27.4311
7689,111.712,58.1,27.4311
7690,111.712,58.1,27.4311
7691,111.712,58.1,27.4311
7692,111.712,58.1,27.4311
7693,111.712,58.1,27.4311
7694,111.712,58.1,27.4311
7695,111.712,58.1,27.4311
7696,111.712,58.1,27.4311
7697,111.712,58.1,27.4311
7698,111.712,58.1,27.4311
7699,111.712,58.1,27.4311
7700,111.712,58.1,27.4311
7701,111.712,58.1,27.4311
7702,111.712,58.1,27.4311
7703,111.712,58.1,27.4311
7704,111.712,58.1,27.4311
7705,111.712,58.1,27.4311
7706,111.712,58.1,27.4311
7707,111.712,58.1,27.4311
7708,111.712,58.1,27.4311
7709,111.712,58.1,27.4311
7710,111.712,58.1,27.4311
7711,111.712,58.1,27.4311
7712,111.712,58.1,27.4311
7713,111.712,58.1,27.4311
7714,111.712,58.1,27.4311
7715,111.712,58.1,27.4311
7716,111.712,58.1,27.4311
7717,111.712,58.1,27.4311
7718,111.712,58.1,27.4311
7719,111.712,58.1,27.4311
7720,111.712,58.1,27.4311
7721,111.712,58.1,27.4311
7722,111.712,58.1,27.4311
7723,111.712,58.1,27.4311
7724,111.712,58.1,27.4311
7725,111.712,58.1,27.4311
7726,111.712,58.1,27.4311
7727,111.712,58.1,27.4311
7728,111.712,58.1,27.4311
7729,111.712,58.1,27.4311
7730,111.712,58.1,27.4311
7731,111.712,58.1,27.4311
7732,111.712,58.1,27.4311
7733,111.712,58.1,27.4311
7734,111.712,58.1,27.4311
7735,111.712,58.1,27.4311
7736,111.712,58.1,27.4311
7737,111.712,58.1,27.4311
7738,111.712,58.1,27.4311
7739,111.712,58.1,27.4311
7740,111.712,58.1,27.4311
7741,111.712,58.1,27.4311
7742,111.712,58.1,27.4311
7743,111.712,58.1,27.4311
7744,111.712,58.1,27.4311
7745,111.712,58.1,27.4311
7746,111.712,58.1,27.4311
7747,111.712,58.1,27.4311
7748,111.712,58.1,27.4311
7749,111.712,58.1,27.4311
7750,111.712,58.1,27.4311
7751,111.712,58.1,27.4311
7752,111.712,58.1,27.4311
7753,111.712,58.1,27.4311
7754,111.712,58.1,27.4311
7755,111.712,58.1,27.4311
7756,111.712,58.1,27.4311
7757,111.712,58.1,27.4311
7758,111.712,58.1,27.4311
7759,111.712,58.1,27.4311
7760,111.712,58.1,27.4311
7761,111.712,58.1,27.4311
7762,111.712,58.1,27.4311
7763,111.712,58.1,27.4311
7764,111.712,58.1,27.4311
7765,111.712,58.1,27.4311
7766,111.712,58.1,27.4311
7767,111.712,58.1,27.4311
7768,111.712,58.1,27.4311
7769,111.712,58.1,27.4311
7770,111.712,58.1,27.4311
7771,111.712,58.1,27.4311
7772,111.712,58.1,27.4311
7773,111.712,58.1,27.4311
7774,111.712,58.1,27.4311
7775,111.712,58.1,27.4311
7776,111.712,58.1,27.4311
7777,111.712,58.1,27.4311
7778,111.712,58.1,27.4311
7779,111.712,58.1,27.4311
7780,111.712,58.1,27.4311
7781,111.712,58.1,27.4311
7782,111.712,58.1,27.4311
7783,111.712,58.1,27.4311
7784,111.712,58.1,27.4311
7785,111.712,58.1,27.4311
7786,111.712,58.1,27.4311
7787,111.712,58.1,27.4311
7788,111.712,58.1,27.4311
7789,111.712,58.1,27.4311
7790,111.712,58.1,27.4311
7791,111.712,58.1,27.4311
7792,111.712,58.1,27.4311
7793,111.712,58.1,27.4311
7794,111.712,58.1,27.4311
7795,111.712,58.1,27.4311
7796,111.712,58.1,27.4311
7797,111.712,58.1,27.4311
7798,111.712,58.1,27.4311
7799,111.712,58.1,27.4311
7800,111.712,58.1,27.4311
7801,111.712,58.1,27.4311
7802,111.712,58.1,27.4311
7803,111.712,58.1,27.4311
7804,111.712,58.1,27.4311
7805,111.712,58.1,27.4311
7806,111.712,58.1,27.4311
7807,111.712,58.1,27.4311
7808,111.712,58.1,27.4311
7809,111.712,58.1,27.4311
7810,111.712,58.1,27.4311
7811,111.712,58.1,27.4311
7812,111.712,58.1,27.4311
7813,111.712,58.1,27.4311
7814,111.712,58.1,27.4311
7815,111.712,58.1,27.4311
7816,111.712,58.1,27.4311
7817,111.712,58.1,27.4311
7818,111.712,58.1,27.4311
7819,111.712,58.1,27.4311
7820,111.712,58.1,27.4311
7821,111.712,58.1,27.4311
7822,111.712,58.1,27.4311
7823,111.712,58.1,27.4311
7824,111.712,58.1,27.4311
7825,111.712,58.1,27.4311
7826,111.712,58.1,27.4311
7827,111.712,58.1,27.4311
7828,111.712,58.1,27.4311
7829,111.712,58.1,27.4311
7830,111.712,58.1,27.4311
7831,111.712,58.1,27.4311
7832,111.712,58.1,27.4311
7833,111.712,58.1,27.4311
7834,111.712,58.1,27.4311
7835,111.712,58.1,27.4311
7836,111.712,58.1,27.4311
7837,111.712,58.1,27.4311
7838,111.712,58.1,27.4311
7839,111.712,58.1,27.4311
7840,111.712,58.1,27.4311
7841,111.712,58.1,27.4311
7842,111.712,58.1,27.4311
7843,111.712,58.1,27.4311
7844,111.712,58.1,27.4311
7845,111.712,58.1,27.4311
7846,111.712,58.1,27.4311
7847,111.712,58.1,27.4311
7848,111.712,58.1,27.4311
7849,111.712,58.1,27.4311
7850,111.712,58.1,27.4311
7851,111.712,58.1,27.4311
7852,111.712,58.1,27.4311
7853,111.712,58.1,27.4311
7854,111.712,58.1,27.4311
7855,111.712,58.1,27.4311
7856,111.712,58.1,27.4311
7857,111.712,58.1,27.4311
7858,111.712,58.1,27.4311
7859,111.712,58.1,27.4311
7860,111.712,58.1,27.4311
7861,111.712,58.1,27.4311
7862,111.712,58.1,27.4311
7863,111.712,58.1,27.4311
7864,111.712,58.1,27.4311
7865,111.712,58.1,27.4311
7866,111.712,58.1,27.4311
7867,111.712,58.1,27.4311
7868,111.712,58.1,27.4311
7869,111.712,58.1,27.4311
7870,111.712,58.1,27.4311
7871,111.712,58.1,27.4311
7872,111.712,58.1,27.4311
7873,111.712,58.1,27.4311
7874,111.712,58.1,27.4311
7875,111.712,58.1,27.4311
7876,111.712,58.1,27.4311
7877,111.712,58.1,27.4311
7878,111.712,58.1,27.4311
7879,111.712,58.1,27.4311
7880,111.712,58.1,27.4311
7881,111.712,58.1,27.4311
7882,111.712,58.1,27.4311
7883,111.712,58.1,27.4311
7884,111.712,58.1,27.4311
7885,111.712,58.1,27.4311
7886,111.712,58.1,27.4311
7887,111.712,58.1,27.4311
7888,111.712,58.1,27.4311
7889,111.712,58.1,27.4311
7890,111.712,58.1,27.4311
7891,111.712,58.1,27.4311
7892,111.712,58.1,27.4311
7893,111.712,58.1,27.4311
7894,111.712,58.1,27.4311
7895,111.712,58.1,27.4311
7896,111.712,58.1,27.4311
7897,111.712,58.1,27.4311
7898,111.712,58.1,27.4311
7899,111.712,58.1,27.4311
7900,111.712,58.1,27.4311
7901,111.712,58.1,27.4311
7902,111.712,58.1,27.4311
7903,111.712,58.1,27.4311
7904,111.712,58.1,27.4311
7905,111.712,58.1,27.4311
7906,111.712,58.1,27.4311
7907,111.712,58.1,27.4311
7908,111.712,58.1,27.4311
7909,111.712,58.1,27.4311
7910,111.712,58.1,27.4311
7911,111.712,58.1,27.4311
7912,111.712,58.1,27.4311
7913,111.712,58.1,27.4311
7914,111.712,58.1,27.4311
7915,111.712,58.1,27.4311
7916,111.712,58.1,27.4311
7917,111.712,58.1,27.4311
7918,111.712,58.1,27.4311
7919,111.712,58.1,27.4311
7920,111.712,58.1,27.4311
7921,111.712,58.1,27.4311
7922,111.712,58.1,27.4311
7923,111.712,58.1,27.4311
7924,111.712,58.1,27.4311
7925,111.712,58.1,27.4311
7926,111.712,58.1,27.4311
7927,111.712,58.1,27.4311
7928,111.712,58.1,27.4311
7929,111.712,58.1,27.4311
7930,111.712,58.1,27.4311
7931,111.712,58.1,27.4311
7932,111.712,58.1,27.4311
7933,111.712,58.1,27.4311
7934,111.712,58.1,27.4311
7935,111.712,58.1,27.4311
7936,111.712,58.1,27.4311
7937,111.712,58.1,27.4311
7938,111.712,58.1,27.4311
7939,111.712,58.1,27.4311
7940,111.712,58.1,27.4311
7941,111.712,58.1,27.4311
7942,111.712,58.1,27.4311
7943,111.712,58.1,27.4311
7944,111.712,58.1,27.4311
7945,111.712,58.1,27.4311
7946,111.712,58.1,27.4311
7947,111.712,58.1,27.4311
7948,111.712,58.1,27.4311
7949,111.712,58.1,27.4311
7950,111.712,58.1,27.4311
7951,111.712,58.1,27.4311
7952,111.712,58.1,27.4311
7953,111.712,58.1,27.4311
7954,111.712,58.1,27.4311
7955,111.712,58.1,27.4311
7956,111.712,58.1,27.4311
7957,111.712,58.1,27.4311
7958,111.712,58.1,27.4311
7959,111.712,58.1,27.4311
7960,111.712,58.1,27.4311
7961,111.712,58.1,27.4311
7962,111.712,58.1,27.4311
7963,111.712,58.1,27.4311
7964,111.712,58.1,27.4311
7965,111.712,58.1,27.4311
7966,111.712,58.1,27.4311
7967,111.712,58.1,27.4311
7968,111.712,58.1,27.4311
7969,111.712,58.1,27.4311
7970,111.712,58.1,27.4311
7971,111.712,58.1,27.4311
7972,111.712,58.1,27.4311
7973,111.712,58.1,27.4311
7974,111.712,58.1,27.4311
7975,111.712,58.1,27.4311
7976,111.712,58.1,27.4311
7977,111.712,58.1,27.4311
7978,111.712,58.1,27.4311
7979,111.712,58.1,27.4311
7980,111.712,58.1,27.4311
7981,111.712,58.1,27.4311
7982,111.712,58.1,27.4311
7983,111.712,58.1,27.4311
7984,111.712,58.1,27.4311
7985,111.712,58.1,27.4311
7986,111.712,58.1,27.4311
7987,111.712,58.1,27.4311
7988,111.712,58.1,27.4311
7989,111.712,58.1,27.4311
7990,111.712,58.1,27.4311
7991,111.712,58.1,27.4311
7992,111.712,58.1,27.4311
7993,111.712,58.1,27.4311
7994,111.712,58.1,27.4311
7995,111.712,58.1,27.4311
7996,111.712,58.1,27.4311
7997,111.712,58.1,27.4311
7998,111.712,58.1,27.4311
7999,111.712,58.1,27.4311
8000,111.712,58.1,27.4311
8001,111.712,58.1,27.4311
8002,111.712,58.1,27.4311
8003,111.712,58.1,27.4311
8004,111.712,58.1,27.4311
8005,111.712,58.1,27.4311
8006,111.712,58.1,27.4311
8007,111.712,58.1,27.4311
8008,111.712,58.1,27.4311
8009,111.712,58.1,27.4311
8010,111.712,58.1,27.4311
8011,111.712,58.1,27.4311
8012,111.712,58.1,27.4311
8013,111.712,58.1,27.4311
8014,111.712,58.1,27.4311
8015,111.712,58.1,27.4311
8016,111.712,58.1,27.4311
8017,101.828,47.5409,17.7849
8018,101.828,47.5409,17.7849
8019,101.828,47.5409,17.7849
8020,101.828,47.5409,17.7849
8021,101.828,47.5409,17.7849
8022,101.828,47.5409,17.7849
8023,101.828,47.5409,17.7849
8024,101.828,47.5409,17.7849
8025,101.828,47.5409,17.7849
8026,101.828,47.5409,17.7849
8027,101.828,47.5409,17.7849
8028,101.828,47.5409,17.7849
8029,101.828,47.5409,17.7849
8030,101.828,47.5409,17.7849
8031,101.828,47.5409,17.7849
8032,101.828,47.5409,17.7849
8033,101.828,47.5409,17.7849
8034,101.828,47.5409,17.7849
8035,101.828,47.5409,17.7849
8036,101.828,47.5409,17.7849
8037,101.828,47.5409,17.7849
8038,101.828,47.5409,17.7849
8039,101.828,47.5409,17.7849
8040,101.828,47.5409,17.7849
8041,101.828,47.5409,17.7849
8042,101.828,47.5409,17.7849
8043,101.828,47.5409,17.7849
8044,101.828,47.5409,17.7849
8045,101.828,47.5409,17.7849
8046,101.828,47.5409,17.7849
8047,101.828,47.5409,17.7849
8048,101.828,47.5409,17.7849
8049,101.828,47.5409,17.7849
8050,101.828,47.5409,17.7849
8051,101.828,47.5409,17.7849
8052,101.828,47.5409,17.7849
8053,101.828,47.5409,17.7849
8054,101.828,47.5409,17.7849
8055,101.828,47.5409,17.7849
8056,101.828,47.5409,17.7849
8057,101.828,47.5409,17.7849
8058,101.828,47.5409,17.7849
8059,101.828,47.5409,17.7849
8060,101.828,47.5409,17.7849
8061,101.828,47.5409,17.7849
8062,101.828,47.5409,17.7849
8063,101.828,47.5409,17.7849
8064,101.828,47.5409,17.7849
8065,101.828,47.5409,17.7849
8066,101.828,47.5409,17.7849
8067,101.828,47.5409,17.7849
8068,101.828,47.5409,17.7849
8069,101.828,47.5409,17.7849
8070,101.828,47.5409,17.7849
8071,101.828,47.5409,17.7849
8072,101.828,47.5409,17.7849
8073,101.828,47.5409,17.7849
8074,101.828,47.5409,17.7849
8075,101.828,47.5409,17.7849
8076,101.828,47.5409,17.7849
8077,101.828,47.5409,17.7849
8078,101.828,47.5409,17.7849
8079,101.828,47.5409,17.7849
8080,101.828,47.5409,17.7849
8081,101.828,47.5409,17.7849
8082,101.828,47.5409,17.7849
8083,101.828,47.5409,17.7849
8084,101.828,47.5409,17.7849
8085,101.828,47.5409,17.7849
8086,101.828,47.5409,17.7849
8087,101.828,47.5409,17.7849
8088,101.828,47.5409,17.7849
8089,101.828,47.5409,17.7849
8090,101.828,47.5409,17.7849
8091,101.828,47.5409,17.7849
8092,101.828,47.5409,17.7849
8093,101.828,47.5409,17.7849
8094,101.828,47.5409,17.7849
8095,101.828,47.5409,17.7849
8096,101.828,47.5409,17.7849
8097,101.828,47.5409,17.7849
8098,101.828,47.5409,17.7849
8099,101.828,47.5409,17.7849
8100,101.828,47.5409,17.7849
8101,101.828,47.5409,17.7849
8102,101.828,47.5409,17.7849
8103,101.828,47.5409,17.7849
8104,101.828,47.5409,17.7849
8105,101.828,47.5409,17.7849
8106,101.828,47.5409,17.7849
8107,101.828,47.5409,17.7849
8108,101.828,47.5409,17.7849
8109,101.828,47.5409,17.7849
8110,101.828,47.5409,17.7849
8111,101.828,47.5409,17.7849
8112,101.828,47.5409,17.7849
8113,101.828,47.5409,17.7849
8114,101.828,47.5409,17.7849
8115,101.828,47.5409,17.7849
8116,101.828,47.5409,17.7849
8117,101.828,47.5409,17.7849
8118,101.828,47.5409,17.7849
8119,101.828,47.5409,17.7849
8120,101.828,47.5409,17.7849
8121,101.828,47.5409,17.7849
8122,101.828,47.5409,17.7849
8123,101.828,47.5409,17.7849
8124,101.828,47.5409,17.7849
8125,101.828,47.5409,17.7849
8126,101.828,47.5409,17.7849
8127,101.828,47.5409,17.7849
8128,101.828,47.5409,17.7849
8129,101.828,47.5409,17.7849
8130,101.828,47.5409,17.7849
8131,101.828,47.5409,17.7849
8132,101.828,47.5409,17.7849
8133,101.828,47.5409,17.7849
8134,101.828,47.5409,17.7849
8135,101.828,47.5409,17.7849
8136,101.828,47.5409,17.7849
8137,101.828,47.5409,17.7849
8138,101.828,47.5409,17.7849
8139,101.828,47.5409,17.7849
8140,101.828,47.5409,17.7849
8141,101.828,47.5409,17.7849
8142,101.828,47.5409,17.7849
8143,101.828,47.5409,17.7849
8144,101.828,47.5409,17.7849
8145,101.828,47.5409,17.7849
8146,101.828,47.5409,17.7849
8147,101.828,47.5409,17.7849
8148,101.828,47.5409,17.7849
8149,101.828,47.5409,17.7849
8150,101.828,47.5409,17.7849
8151,101.828,47.5409,17.7849
8152,101.828,47.5409,17.7849
8153,101.828,47.5409,17.7849
8154,101.828,47.5409,17.7849
8155,101.828,47.5409,17.7849
8156,101.828,47.5409,17.7849
8157,101.828,47.5409,17.7849
8158,101.828,47.5409,17.7849
8159,101.828,47.5409,17.7849
8160,101.828,47.5409,17.7849
8161,101.828,47.5409,17.7849
8162,101.828,47.5409,17.7849
8163,101.828,47.5409,17.7849
8164,101.828,47.5409,17.7849
8165,101.828,47.5409,17.7849
8166,101.828,47.5409,17.7849
8167,101.828,47.5409,17.7849
8168,101.828,47.5409,17.7849
8169,101.828,47.5409,17.7849
8170,101.828,47.5409,17.7849
8171,101.828,47.5409,17.7849
8172,101.828,47.5409,17.7849
8173,101.828,47.5409,17.7849
8174,101.828,47.5409,17.7849
8175,101.828,47.5409,17.7849
8176,101.828,47.5409,17.7849
8177,101.828,47.5409,17.7849
8178,101.828,47.5409,17.7849
8179,101.828,47.5409,17.7849
8180,101.828,47.5409,17.7849
8181,101.828,47.5409,17.7849
8182,101.828,47.5409,17.7849
8183,101.828,47.5409,17.7849
8184,101.828,47.5409,17.7849
8185,101.828,47.5409,17.7849
8186,101.828,47.5409,17.7849
8187,101.828,47.5409,17.7849
8188,101.828,47.5409,17.7849
8189,101.828,47.5409,17.7849
8190,101.828,47.5409,17.7849
8191,101.828,47.5409,17.7849
8192,101.828,47.5409,17.7849
8193,101.828,47.5409,17.7849
8194,101.828,47.5409,17.7849
8195,101.828,47.5409,17.7849
8196,101.828,47.5409,17.7849
8197,101.828,47.5409,17.7849
8198,101.828,47.5409,17.7849
8199,101.828,47.5409,17.7849
8200,101.828,47.5409,17.7849
8201,101.828,47.5409,17.7849
8202,101.828,47.5409,17.7849
8203,101.828,47.5409,17.7849
8204,101.828,47.5409,17.7849
8205,101.828,47.5409,17.7849
8206,101.828,47.5409,17.7849
8207,101.828,47.5409,17.7849
8208,101.828,47.5409,17.7849
8209,101.828,47.5409,17.7849
8210,101.828,47.5409,17.7849
8211,101.828,47.5409,17.7849
8212,101.828,47.5409,17.7849
8213,101.828,47.5409,17.7849
8214,101.828,47.5409,17.7849
8215,101.828,47.5409,17.7849
8216,101.828,47.5409,17.7849
8217,101.828,47.5409,17.7849
8218,101.828,47.5409,17.7849
8219,101.828,47.5409,17.7849
8220,101.828,47.5409,17.7849
8221,101.828,47.5409,17.7849
8222,101.828,47.5409,17.7849
8223,101.828,47.5409,17.7849
8224,101.828,47.5409,17.7849
8225,101.828,47.5409,17.7849
8226,101.828,47.5409,17.7849
8227,101.828,47.5409,17.7849
8228,101.828,47.5409,17.7849
8229,101.828,47.5409,17.7849
8230,101.828,47.5409,17.7849
8231,101.828,47.5409,17.7849
8232,101.828,47.5409,17.7849
8233,101.828,47.5409,17.7849
8234,101.828,47.5409,17.7849
8235,101.828,47.5409,17.7849
8236,101.828,47.5409,17.7849
8237,101.828,47.5409,17.7849
8238,101.828,47.5409,17.7849
8239,101.828,47.5409,17.7849
8240,101.828,47.5409,17.7849
8241,101.828,47.5409,17.7849
8242,101.828,47.5409,17.7849
8243,101.828,47.5409,17.7849
8244,101.828,47.5409,17.7849
8245,101.828,47.5409,17.7849
8246,101.828,47.5409,17.7849
8247,101.828,47.5409,17.7849
8248,101.828,47.5409,17.7849
8249,101.828,47.5409,17.7849
8250,101.828,47.5409,17.7849
8251,101.828,47.5409,17.7849
8252,101.828,47.5409,17.7849
8253,101.828,47.5409,17.7849
8254,101.828,47.5409,17.7849
8255,101.828,47.5409,17.7849
8256,101.828,47.5409,17.7849
8257,101.828,47.5409,17.7849
8258,101.828,47.5409,17.7849
8259,101.828,47.5409,17.7849
8260,101.828,47.5409,17.7849
8261,101.828,47.5409,17.7849
8262,101.828,47.5409,17.7849
8263,101.828,47.5409,17.7849
8264,101.828,47.5409,17.7849
8265,101.828,47.5409,17.7849
8266,101.828,47.5409,17.7849
8267,101.828,47.5409,17.7849
8268,101.828,47.5409,17.7849
8269,101.828,47.5409,17.7849
8270,101.828,47.5409,17.7849
8271,101.828,47.5409,17.7849
8272,101.828,47.5409,17.7849
8273,101.828,47.5409,17.7849
8274,101.828,47.5409,17.7849
8275,101.828,47.5409,17.7849
8276,101.828,47.5409,17.7849
8277,101.828,47.5409,17.7849
8278,101.828,47.5409,17.7849
8279,101.828,47.5409,17.7849
8280,101.828,47.5409,17.7849
8281,101.828,47.5409,17.7849
8282,101.828,47.5409,17.7849
8283,101.828,47.5409,17.7849
8284,101.828,47.5409,17.7849
8285,101.828,47.5409,17.7849
8286,101.828,47.5409,17.7849
8287,101.828,47.5409,17.7849
8288,101.828,47.5409,17.7849
8289,101.828,47.5409,17.7849
8290,101.828,47.5409,17.7849
8291,101.828,47.5409,17.7849
8292,101.828,47.5409,17.7849
8293,101.828,47.5409,17.7849
8294,101.828,47.5409,17.7849
8295,101.828,47.5409,17.7849
8296,101.828,47.5409,17.7849
8297,101.828,47.5409,17.7849
8298,101.828,47.5409,17.7849
8299,101.828,47.5409,17.7849
8300,101.828,47.5409,17.7849
8301,101.828,47.5409,17.7849
8302,101.828,47.5409,17.7849
8303,101.828,47.5409,17.7849
8304,101.828,47.5409,17.7849
8305,101.828,47.5409,17.7849
8306,101.828,47.5409,17.7849
8307,101.828,47.5409,17.7849
8308,101.828,47.5409,17.7849
8309,101.828,47.5409,17.7849
8310,101.828,47.5409,17.7849
8311,101.828,47.5409,17.7849
8312,101.828,47.5409,17.7849
8313,101.828,47.5409,17.7849
8314,101.828,47.5409,17.7849
8315,101.828,47.5409,17.7849
8316,101.828,47.5409,17.7849
8317,101.828,47.5409,17.7849
8318,101.828,47.5409,17.7849
8319,101.828,47.5409,17.7849
8320,101.828,47.5409,17.7849
8321,101.828,47.5409,17.7849
8322,101.828,47.5409,17.7849
8323,101.828,47.5409,17.7849
8324,101.828,47.5409,17.7849
8325,101.828,47.5409,17.7849
8326,101.828,47.5409,17.7849
8327,101.828,47.5409,17.7849
8328,101.828,47.5409,17.7849
8329,101.828,47.5409,17.7849
8330,101.828,47.5409,17.7849
8331,101.828,47.5409,17.7849
8332,101.828,47.5409,17.7849
8333,101.828,47.5409,17.7849
8334,101.828,47.5409,17.7849
8335,101.828,47.5409,17.7849
8336,101.828,47.5409,17.7849
8337,101.828,47.5409,17.7849
8338,101.828,47.5409,17.7849
8339,101.828,47.5409,17.7849
8340,101.828,47.5409,17.7849
8341,101.828,47.5409,17.7849
8342,101.828,47.5409,17.7849
8343,101.828,47.5409,17.7849
8344,101.828,47.5409,17.7849
8345,101.828,47.5409,17.7849
8346,101.828,47.5409,17.7849
8347,101.828,47.5409,17.7849
8348,101.828,47.5409,17.7849
8349,101.828,47.5409,17.7849
8350,101.828,47.5409,17.7849
8351,101.828,47.5409,17.7849
8352,101.828,47.5409,17.7849
8353,101.828,47.5409,17.7849
8354,101.828,47.5409,17.7849
8355,101.828,47.5409,17.7849
8356,101.828,47.5409,17.7849
8357,101.828,47.5409,17.7849
8358,101.828,47.5409,17.7849
8359,101.828,47.5409,17.7849
8360,101.828,47.5409,17.7849
8361,101.828,47.5409,17.7849
8362,101.828,47.5409,17.7849
8363,101.828,47.5409,17.7849
8364,101.828,47.5409,17.7849
8365,101.828,47.5409,17.7849
8366,101.828,47.5409,17.7849
8367,101.828,47.5409,17.7849
8368,101.828,47.5409,17.7849
8369,101.828,47.5409,17.7849
8370,101.828,47.5409,17.7849
8371,101.828,47.5409,17.7849
8372,101.828,47.5409,17.7849
8373,101.828,47.5409,17.7849
8374,101.828,47.5409,17.7849
8375,101.828,47.5409,17.7849
8376,101.828,47.5409,17.7849
8377,101.828,47.5409,17.7849
8378,101.828,47.5409,17.7849
8379,101.828,47.5409,17.7849
8380,101.828,47.5409,17.7849
8381,101.828,47.5409,17.7849
8382,101.828,47.5409,17.7849
8383,101.828,47.5409,17.7849
8384,101.828,47.5409,17.7849
8385,101.828,47.5409,17.7849
8386,101.828,47.5409,17.7849
8387,101.828,47.5409,17.7849
8388,101.828,47.5409,17.7849
8389,101.828,47.5409,17.7849
8390,101.828,47.5409,17.7849
8391,101.828,47.5409,17.7849
8392,101.828,47.5409,17.7849
8393,101.828,47.5409,17.7849
8394,101.828,47.5409,17.7849
8395,101.828,47.5409,17.7849
8396,101.828,47.5409,17.7849
8397,101.828,47.5409,17.7849
8398,101.828,47.5409,17.7849
8399,101.828,47.5409,17.7849
8400,101.828,47.5409,17.7849
8401,101.828,47.5409,17.7849
8402,101.828,47.5409,17.7849
8403,101.828,47.5409,17.7849
8404,101.828,47.5409,17.7849
8405,101.828,47.5409,17.7849
8406,101.828,47.5409,17.7849
8407,101.828,47.5409,17.7849
8408,101.828,47.5409,17.7849
8409,101.828,47.5409,17.7849
8410,101.828,47.5409,17.7849
8411,101.828,47.5409,17.7849
8412,101.828,47.5409,17.7849
8413,101.828,47.5409,17.7849
8414,101.828,47.5409,17.7849
8415,101.828,47.5409,17.7849
8416,101.828,47.5409,17.7849
8417,101.828,47.5409,17.7849
8418,101.828,47.5409,17.7849
8419,101.828,47.5409,17.7849
8420,101.828,47.5409,17.7849
8421,101.828,47.5409,17.7849
8422,101.828,47.5409,17.7849
8423,101.828,47.5409,17.7849
8424,101.828,47.5409,17.7849
8425,101.828,47.5409,17.7849
8426,101.828,47.5409,17.7849
8427,101.828,47.5409,17.7849
8428,101.828,47.5409,17.7849
8429,101.828,47.5409,17.7849
8430,101.828,47.5409,17.7849
8431,101.828,47.5409,17.7849
8432,101.828,47.5409,17.7849
8433,101.828,47.5409,17.7849
8434,101.828,47.5409,17.7849
8435,101.828,47.5409,17.7849
8436,101.828,47.5409,17.7849
8437,101.828,47.5409,17.7849
8438,101.828,47.5409,17.7849
8439,101.828,47.5409,17.7849
8440,101.828,47.5409,17.7849
8441,101.828,47.5409,17.7849
8442,101.828,47.5409,17.7849
8443,101.828,47.5409,17.7849
8444,101.828,47.5409,17.7849
8445,101.828,47.5409,17.7849
8446,101.828,47.5409,17.7849
8447,101.828,47.5409,17.7849
8448,101.828,47.5409,17.7849
8449,101.828,47.5409,17.7849
8450,101.828,47.5409,17.7849
8451,101.828,47.5409,17.7849
8452,101.828,47.5409,17.7849
8453,101.828,47.5409,17.7849
8454,101.828,47.5409,17.7849
8455,101.828,47.5409,17.7849
8456,101.828,47.5409,17.7849
8457,101.828,47.5409,17.7849
8458,101.828,47.5409,17.7849
8459,101.828,47.5409,17.7849
8460,101.828,47.5409,17.7849
8461,101.828,47.5409,17.7849
8462,101.828,47.5409,17.7849
8463,101.828,47.5409,17.7849
8464,101.828,47.5409,17.7849
8465,101.828,47.5409,17.7849
8466,101.828,47.5409,17.7849
8467,101.828,47.5409,17.7849
8468,101.828,47.5409,17.7849
8469,101.828,47.5409,17.7849
8470,101.828,47.5409,17.7849
8471,101.828,47.5409,17.7849
8472,101.828,47.5409,17.7849
8473,101.828,47.5409,17.7849
8474,101.828,47.5409,17.7849
8475,101.828,47.5409,17.7849
8476,101.828,47.5409,17.7849
8477,101.828,47.5409,17.7849
8478,101.828,47.5409,17.7849
8479,101.828,47.5409,17.7849
8480,101.828,47.5409,17.7849
8481,101.828,47.5409,17.7849
8482,101.828,47.5409,17.7849
8483,101.828,47.5409,17.7849
8484,101.828,47.5409,17.7849
8485,101.828,47.5409,17.7849
8486,101.828,47.5409,17.7849
8487,101.828,47.5409,17.7849
8488,101.828,47.5409,17.7849
8489,101.828,47.5409,17.7849
8490,101.828,47.5409,17.7849
8491,101.828,47.5409,17.7849
8492,101.828,47.5409,17.7849
8493,101.828,47.5409,17.7849
8494,101.828,47.5409,17.7849
8495,101.828,47.5409,17.7849
8496,101.828,47.5409,17.7849
8497,101.828,47.5409,17.7849
8498,101.828,47.5409,17.7849
8499,101.828,47.5409,17.7849
8500,101.828,47.5409,17.7849
8501,101.828,47.5409,17.7849
8502,101.828,47.5409,17.7849
8503,101.828,47.5409,17.7849
8504,101.828,47.5409,17.7849
8505,101.828,47.5409,17.7849
8506,101.828,47.5409,17.7849
8507,101.828,47.5409,17.7849
8508,101.828,47.5409,17.7849
8509,101.828,47.5409,17.7849
8510,101.828,47.5409,17.7849
8511,101.828,47.5409,17.7849
8512,101.828,47.5409,17.7849
8513,101.828,47.5409,17.7849
8514,101.828,47.5409,17.7849
8515,101.828,47.5409,17.7849
8516,101.828,47.5409,17.7849
8517,101.828,47.5409,17.7849
8518,101.828,47.5409,17.7849
8519,101.828,47.5409,17.7849
8520,101.828,47.5409,17.7849
8521,101.828,47.5409,17.7849
8522,101.828,47.5409,17.7849
8523,101.828,47.5409,17.7849
8524,101.828,47.5409,17.7849
8525,101.828,47.5409,17.7849
8526,101.828,47.5409,17.7849
8527,101.828,47.5409,17.7849
8528,101.828,47.5409,17.7849
8529,101.828,47.5409,17.7849
8530,101.828,47.5409,17.7849
8531,101.828,47.5409,17.7849
8532,101.828,47.5409,17.7849
8533,101.828,47.5409,17.7849
8534,101.828,47.5409,17.7849
8535,101.828,47.5409,17.7849
8536,101.828,47.5409,17.7849
8537,101.828,47.5409,17.7849
8538,101.828,47.5409,17.7849
8539,101.828,47.5409,17.7849
8540,101.828,47.5409,17.7849
8541,101.828,47.5409,17.7849
8542,101.828,47.5409,17.7849
8543,101.828,47.5409,17.7849
8544,101.828,47.5409,17.7849
8545,101.828,47.5409,17.7849
8546,101.828,47.5409,17.7849
8547,101.828,47.5409,17.7849
8548,101.828,47.5409,17.7849
8549,101.828,47.5409,17.7849
8550,101.828,47.5409,17.7849
8551,101.828,47.5409,17.7849
8552,101.828,47.5409,17.7849
8553,101.828,47.5409,17.7849
8554,101.828,47.5409,17.7849
8555,101.828,47.5409,17.7849
8556,101.828,47.5409,17.7849
8557,101.828,47.5409,17.7849
8558,101.828,47.5409,17.7849
8559,101.828,47.5409,17.7849
8560,101.828,47.5409,17.7849
8561,101.828,47.5409,17.7849
8562,101.828,47.5409,17.7849
8563,101.828,47.5409,17.7849
8564,101.828,47.5409,17.7849
8565,101.828,47.5409,17.7849
8566,101.828,47.5409,17.7849
8567,101.828,47.5409,17.7849
8568,101.828,47.5409,17.7849
8569,101.828,47.5409,17.7849
8570,101.828,47.5409,17.7849
8571,101.828,47.5409,17.7849
8572,101.828,47.5409,17.7849
8573,101.828,47.5409,17.7849
8574,101.828,47.5409,17.7849
8575,101.828,47.5409,17.7849
8576,101.828,47.5409,17.7849
8577,101.828,47.5409,17.7849
8578,101.828,47.5409,17.7849
8579,101.828,47.5409,17.7849
8580,101.828,47.5409,17.7849
8581,101.828,47.5409,17.7849
8582,101.828,47.5409,17.7849
8583,101.828,47.5409,17.7849
8584,101.828,47.5409,17.7849
8585,101.828,47.5409,17.7849
8586,101.828,47.5409,17.7849
8587,101.828,47.5409,17.7849
8588,101.828,47.5409,17.7849
8589,101.828,47.5409,17.7849
8590,101.828,47.5409,17.7849
8591,101.828,47.5409,17.7849
8592,101.828,47.5409,17.7849
8593,101.828,47.5409,17.7849
8594,101.828,47.5409,17.7849
8595,101.828,47.5409,17.7849
8596,101.828,47.5409,17.7849
8597,101.828,47.5409,17.7849
8598,101.828,47.5409,17.7849
8599,101.828,47.5409,17.7849
8600,101.828,47.5409,17.7849
8601,101.828,47.5409,17.7849
8602,101.828,47.5409,17.7849
8603,101.828,47.5409,17.7849
8604,101.828,47.5409,17.7849
8605,101.828,47.5409,17.7849
8606,101.828,47.5409,17.7849
8607,101.828,47.5409,17.7849
8608,101.828,47.5409,17.7849
8609,101.828,47.5409,17.7849
8610,101.828,47.5409,17.7849
8611,101.828,47.5409,17.7849
8612,101.828,47.5409,17.7849
8613,101.828,47.5409,17.7849
8614,101.828,47.5409,17.7849
8615,101.828,47.5409,17.7849
8616,101.828,47.5409,17.7849
8617,101.828,47.5409,17.7849
8618,101.828,47.5409,17.7849
8619,101.828,47.5409,17.7849
8620,101.828,47.5409,17.7849
8621,101.828,47.5409,17.7849
8622,101.828,47.5409,17.7849
8623,101.828,47.5409,17.7849
8624,101.828,47.5409,17.7849
8625,101.828,47.5409,17.7849
8626,101.828,47.5409,17.7849
8627,101.828,47.5409,17.7849
8628,101.828,47.5409,17.7849
8629,101.828,47.5409,17.7849
8630,101.828,47.5409,17.7849
8631,101.828,47.5409,17.7849
8632,101.828,47.5409,17.7849
8633,101.828,47.5409,17.7849
8634,101.828,47.5409,17.7849
8635,101.828,47.5409,17.7849
8636,101.828,47.5409,17.7849
8637,101.828,47.5409,17.7849
8638,101.828,47.5409,17.7849
8639,101.828,47.5409,17.7849
8640,101.828,47.5409,17.7849
8641,101.828,47.5409,17.7849
8642,101.828,47.5409,17.7849
8643,101.828,47.5409,17.7849
8644,101.828,47.5409,17.7849
8645,101.828,47.5409,17.7849
8646,101.828,47.5409,17.7849
8647,101.828,47.5409,17.7849
8648,101.828,47.5409,17.7849
8649,101.828,47.5409,17.7849
8650,101.828,47.5409,17.7849
8651,101.828,47.5409,17.7849
8652,101.828,47.5409,17.7849
8653,101.828,47.5409,17.7849
8654,101.828,47.5409,17.7849
8655,101.828,47.5409,17.7849
8656,101.828,47.5409,17.7849
8657,101.828,47.5409,17.7849
8658,101.828,47.5409,17.7849
8659,101.828,47.5409,17.7849
8660,101.828,47.5409,17.7849
8661,101.828,47.5409,17.7849
8662,101.828,47.5409,17.7849
8663,101.828,47.5409,17.7849
8664,101.828,47.5409,17.7849
8665,101.828,47.5409,17.7849
8666,101.828,47.5409,17.7849
8667,101.828,47.5409,17.7849
8668,101.828,47.5409,17.7849
8669,101.828,47.5409,17.7849
8670,101.828,47.5409,17.7849
8671,101.828,47.5409,17.7849
8672,101.828,47.5409,17.7849
8673,101.828,47.5409,17.7849
8674,101.828,47.5409,17.7849
8675,101.828,47.5409,17.7849
8676,101.828,47.5409,17.7849
8677,101.828,47.5409,17.7849
8678,101.828,47.5409,17.7849
8679,101.828,47.5409,17.7849
8680,101.828,47.5409,17.7849
8681,101.828,47.5409,17.7849
8682,101.828,47.5409,17.7849
8683,101.828,47.5409,17.7849
8684,101.828,47.5409,17.7849
8685,101.828,47.5409,17.7849
8686,101.828,47.5409,17.7849
8687,101.828,47.5409,17.7849
8688,101.828,47.5409,17.7849
8689,101.828,47.5409,17.7849
8690,101.828,47.5409,17.7849
8691,101.828,47.5409,17.7849
8692,101.828,47.5409,17.7849
8693,101.828,47.5409,17.7849
8694,101.828,47.5409,17.7849
8695,101.828,47.5409,17.7849
8696,101.828,47.5409,17.7849
8697,101.828,47.5409,17.7849
8698,101.828,47.5409,17.7849
8699,101.828,47.5409,17.7849
8700,101.828,47.5409,17.7849
8701,101.828,47.5409,17.7849
8702,101.828,47.5409,17.7849
8703,101.828,47.5409,17.7849
8704,101.828,47.5409,17.7849
8705,101.828,47.5409,17.7849
8706,101.828,47.5409,17.7849
8707,101.828,47.5409,17.7849
8708,101.828,47.5409,17.7849
8709,101.828,47.5409,17.7849
8710,101.828,47.5409,17.7849
8711,101.828,47.5409,17.7849
8712,101.828,47.5409,17.7849
8713,101.828,47.5409,17.7849
8714,101.828,47.5409,17.7849
8715,101.828,47.5409,17.7849
8716,101.828,47.5409,17.7849
8717,101.828,47.5409,17.7849
8718,101.828,47.5409,17.7849
8719,101.828,47.5409,17.7849
8720,101.828,47.5409,17.7849
8721,101.828,47.5409,17.7849
8722,101.828,47.5409,17.7849
8723,101.828,47.5409,17.7849
8724,101.828,47.5409,17.7849
8725,101.828,47.5409,17.7849
8726,101.828,47.5409,17.7849
8727,101.828,47.5409,17.7849
8728,101.828,47.5409,17.7849
8729,101.828,47.5409,17.7849
8730,101.828,47.5409,17.7849
8731,101.828,47.5409,17.7849
8732,101.828,47.5409,17.7849
8733,101.828,47.5409,17.7849
8734,101.828,47.5409,17.7849
8735,101.828,47.5409,17.7849
8736,101.828,47.5409,17.7849
8737,101.828,47.5409,17.7849
8738,101.828,47.5409,17.7849
8739,101.828,47.5409,17.7849
8740,101.828,47.5409,17.7849
8741,101.828,47.5409,17.7849
8742,101.828,47.5409,17.7849
8743,101.828,47.5409,17.7849
8744,101.828,47.5409,17.7849
8745,101.828,47.5409,17.7849
8746,101.828,47.5409,17.7849
8747,101.828,47.5409,17.7849
8748,101.828,47.5409,17.7849
8749,101.828,47.5409,17.7849
8750,101.828,47.5409,17.7849
8751,101.828,47.5409,17.7849
8752,101.828,47.5409,17.7849
8753,101.828,47.5409,17.7849
8754,101.828,47.5409,17.7849
8755,101.828,47.5409,17.7849
8756,101.828,47.5409,17.7849
8757,101.828,47.5409,17.7849
8758,101.828,47.5409,17.7849
8759,101.828,47.5409,17.7849
8760,101.828,47.5409,17.7849
